Maker,Total_Sales_2015_2024
OLA ELECTRIC TECHNOLOGIES PVT LTD,588266
TVS MOTOR COMPANY LTD,318445
ATHER ENERGY PVT LTD,236387
HERO ELECTRIC VEHICLES PVT. LTD,201785
BAJAJ AUTO LTD,198498
OKINAWA AUTOTECH PVT LTD,196182
YC ELECTRIC VEHICLE,152951
AMPERE VEHICLES PRIVATE LIMITED,141805
SAERA ELECTRIC AUTO PVT LTD,87481
MAHINDRA & MAHINDRA LIMITED,84794
TATA PASSENGER ELECTRIC MOBILITY LTD,74410
DILLI ELECTRIC AUTO PVT LTD,69966
OTHERS,68108
CHAMPION POLY PLAST,53493
TATA MOTORS PASSENGER VEHICLES LTD,52520
MAHINDRA LAST MILE MOBILITY LTD,46534
MINI METRO EV L.L.P,44250
PIAGGIO VEHICLES PVT LTD,43783
GREAVES ELECTRIC MOBILITY PVT LTD,42879
UNIQUE INTERNATIONAL,41615
PUR ENERGY PVT LTD,37051
J. S. AUTO (P) LTD,36707
ENERGY ELECTRIC VEHICLES,35821
TERRA MOTORS INDIA PVT LTD,34887
MAHINDRA ELECTRIC MOBILITY LIMITED,34807
REVOLT INTELLICORP PVT LTD,33818
THUKRAL ELECTRIC BIKES PVT LTD,32845
KINETIC GREEN ENERGY & POWER SOLUTIONS LTD,32106
HERO MOTOCORP LTD,31489
BEST WAY AGENCIES PVT LTD,30985
VANI ELECTRIC VEHICLES PVT LTD,30809
ALLFINE INDUSTRIES PVT LTD,29243
OKAYA EV PVT LTD,29116
HOTAGE INDIA,28893
LECTRIX EV PVT LTD,27821
SKS TRADE INDIA PVT LTD,27494
BGAUSS AUTO PRIVATE LIMITED,24148
MG MOTOR INDIA PVT LTD,23343
KHALSA E-VEHICLES PVT LTD,22263
G.K. RICKSHAW,22111
BENLING INDIA ENERGY AND TECHNOLOGY PVT LTD,21862
TATA MOTORS LTD,20504
M/S SHRIRAM AUTO TECH PVT LTD,15910
SPEEGO VEHICLES CO PVT LTD,15773
VICTORY ELECTRIC INTERNATIONAL,15735
MAA SHAKTI EXIM PVT LTD,15717
JITENDRA NEW EV-TECH PVT. LTD,15543
ATUL AUTO LTD,14988
HOOGHLY MOTORS PVT LTD,14893
OM BALAJEE AUTOMOBILE ( INDIA) PVT. LTD,14595
WARDWIZARD INNOVATIONS & MOBILITY LIMITED,14410
BRIGHT AUTOZONE PVT LTD,13443
DAKSH INDUSTRIES,13176
GRD MOTORS,12499
ZENIAK INNOVATION INDIA LTD,12261
SAHNIANAND E VEHICLES PVT LTD,11995
OMEGA SEIKI PVT LTD,11614
SHRI BARSANA E-VEHICLES PVT LTD,11364
ARROW AUTOMOTIVE,11228
KLB KOMAKI PVT LTD,11168
GOREEN E-MOBILITY PVT LTD,10839
TWO FRIENDS AUTO ELECTRIC CO,10431
N0VA AUTOMOTIVE TECHNOLOGIES PVT. LTD,10355
BOUNCE ELECTRIC 1 PVT LTD,9677
U.P. TELELINKS LIMITED,9309
VIJAYS COOLMAX PRIVATE LIMITED,9279
UNIQUE ENTERPRISES,8834
HERO ELECTRIC VEHICLE PVT LTD,8338
AVL ELECTRIC VEHICLES PVT LTD,8309
DELTA AUTOCORP LLP,8139
NRJ ELECTRIC MOTOR VEHICLES PVT LTD,7948
TOP TEAM MACHINES PVT LTD,7840
SATHI MOTORS ELECTRIC VEHICLE PVT LTD,7641
ZEOPLUS AXIS INDIA PVT. LTD.,7523
SHRIRAJ ELECTRIC VEHICLES,7502
GAYATRI ELECTRIC VEHICLES,6878
ALTIER ELECTRIC VEHICLES PVT LTD,6814
T U K INDUSTRIES,6667
STAR BULL E MOTORS,6664
KAPTECH INDIA PVT LTD,6628
LOHIA AUTO INDUSTRIES,6533
SSB INDISTRIES,6530
PARAS INDUSTRIES,6513
BATTRE ELECTRIC MOBLITY PVT LTD,6491
BHAVE ELECTRIC VEHICLES PVT LTD,6252
AMBIKA INDUSTRIES,6193
MOVE STONE SERVICES PVT LTD,6087
ATUT SANGAM,6067
EULER MOTORS PVT LTD,5732
PUBANG ETRON ELECTRIC MOTOR PVT LTD,5616
QUANTUM ENERGY LTD.,5576
EXIDE INDUSTRIES LTD,5547
REEP INDUSTRIES PVT LTD,5494
NEW ARCANA INDIA,5455
MEW ELECTRICALS LIMITED,5315
KUMAR ENGINEERING,5200
A.V.AUTOMOTIVES PVT LTD,5132
SUPERTECH EV LIMITED,5117
INDIAN MOTORS,5061
SRD RENEWABLES,5045
CHETAK TECHNOLOGY LIMITED,4855
GOPAL AUTO MOTORS PVT LTD,4836
NIC TEST ACCOUNT-1,4792
G & G AUTOMOTIVE,4735
BHM INDUSTRIES,4698
MANITA CITY MOTORS LLP,4678
CEEON INDIA,4600
JAJODIA COMMODITIES PVT LTD,4543
ATTOLENT AUTO GROUP PVT LTD,4504
OM RAJ AUTOTECH LLP,4475
DYS IMPEX PRIVATE LIMITED,4458
M/S CHAMPION POLY PLAST,4435
TI CLEAN MOBILITY PVT LTD,4413
TWINKLE TRADCOM PVT LTD,4360
SHIGAN EVOLTZ LTD,4346
ALTIGREEN PROPULSION LABS PVT LTD,4312
GOENKA ELECTRIC MOTOR VEHICLES PVT LTD,4293
Y.C.ELECTRIC VEHICLE,4218
KRISHNA ENGINEERING WORKS,4077
HINDUSTAN MOTOR CORPORATION,4055
HUNDAL INDUSTRIES,3984
M.K. ENTERPRISES,3967
DE EUSI MOTORS PVT LTD.,3909
CONTINENTAL ENGINES PVT LTD,3909
CITYGREEN AUTO & PETRO CHEMICALS (P) LTD,3892
BYD INDIA PRIVATE LIMITED,3868
TRISHIKA INDUSTRIES,3819
DAVE EXIM PVT LTD,3798
BIG BULL TRADER PVT LTD,3729
GKON ELECTRIC MOTOR VEHICLES PVT LTD,3727
E ROYCE MOTORS INDIA PVT LTD,3609
HYUNDAI MOTOR INDIA LTD,3595
KINETIC GREEN ENERGY P SOL LTD,3573
NEEDLE EYE PLASTIC INDUSTRIES PVT LTD,3498
AVON CYCLES LTD,3460
IVOOMI INNOVATION PVT LTD,3449
MINI METRO,3391
GREENWHEELS AUTOMOBILE PVT LTD,3365
ARCHIT ENTERPRISES,3266
DIVYA ENTERPRISES,3242
VRINDA ENTERPRISES,3168
ELITE AUTO ENGINEERS PVT LTD,3153
AMO MOBILITY SOLUTIONS PVT LTD,3151
MAC AUTO INDIA,3087
RUTBA PRODUCT PVT LTD,3072
PARI METRO E RICKSHAW,3068
DUKE AUTO INDIA,3001
RGM BUSINESS PLUS PVT LTD,2970
A K GUPTA & CO.,2965
AMPERE VEHICLES PVT LTD,2947
PCA AUTOMOBILES INDIA PVT LTD,2866
ECO SMART VEHICLES PVT LTD,2855
TORK MOTORS PVT LTD,2840
SUPER METRO INDUSTRIES,2837
APSARA ENTERPRISE,2827
KUKU AUTOMOTIVES,2812
UNITED TRANSMOVERS PVT LTD,2791
RAYON ENGINEERS,2782
JS MOBILEON PVT LTD,2729
AAHANA COMMERCE PVT LTD,2684
VENUS AUTO WHEELS PVT LTD,2635
BABA E-VEHICLES,2629
SHAKTI AUTO GREEN,2602
ELECTROTHERM (INDIA) LIMITED,2534
GREEN IMPEX,2520
JITENDRA TEMPO PARTS,2492
JMT VEHICLES PVT LTD,2460
SKYRIDE AUTOMOTIVE,2434
ACCRETION POWER AUTOS,2430
BAJAJ IMPLEMENTS PVT. LTD,2406
VIMAL UNIVERSAL TRADE PVT LTD,2403
SHRI NAMO ELECTRIC AUTOMOTIVE,2326
TUFAN MOTORS PVT LTD,2321
SETH INDUSTRIAL CORPORATION,2312
ENTICE IMPEX PVT LTD,2259
APM AUTO SALES,2257
ELECTROTHERM (I) LIMITED,2240
ARNA ELECTRIC AUTO PVT LTD,2236
SUPERECO AUTOMOTIVE CO,2202
PARI E-VEHICLES,2161
PLAUDIT TECHNO INDIA PVT LTD,2151
BMW INDIA PVT LTD,2069
BATTERY RICKSHAW SANGH,2021
GREEN TECHNOLOGIES,1982
BALI AUTO INDUSTRIES,1948
LAWAT MOTORS LLP,1919
SHIV OM INDIA,1904
JAIDKA POWER SYSTEMS PVT LTD,1861
ADIDEV TECHNOA PVT LTD,1840
FEDE INDUSTRIES PVT LTD,1791
EXTRA FAST SOLUTIONS,1755
BAXY LTD,1752
ECO FUEL SYSTEMS (I) PVT LTD,1750
HIM TEKNOFORGE LTD,1745
SSEV ENTERPRISES PRIVATE LIMITED,1727
CHAUHAN AUTO INDUSTRIES,1699
HOVEL CYLINDER PVT LTD,1696
ZENTHIUM EV PVT LTD,1671
AADHYA ENTERPRISES,1649
AUTOHAUS PRIVATE LIMITED,1575
ATTOLENT AUTOGROUP PVT LTD,1569
SHEMA E- VEHCILE & SOLAR PVT LTD,1568
MAHTAB BODY MAKER,1561
HI-TECH INDUSTRIES,1559
NHD MOTORS,1547
SAMRAT ELECTRIC VEHICLE,1546
RCJ AUTO FORGE PVT LTD,1475
NIPUN SANYANTRA PVT LTD,1465
ELTHOR ENERGY PRIVATE LIMITED,1449
HOP MOTORS PVT LTD,1446
KIRTI SOLAR LTD,1427
JIANGSU ZHEENAIDA (IMPORTER: KLB GLOBAL),1416
AUTOLITE (INDIA) LIMITED,1379
SUMFONL AUTO TRADERS PVT LTD,1370
LOHIA AUTO INDUSTRIES LTD.,1368
R3 ENTERPRISES,1349
CHEHAK BATTERIES,1294
E-MOTION AUTOMOTIVE INDUSTRY LLP,1292
ADITYA SAI INDUSTRIES,1290
OK PLAY INDIA LTD,1289
JAISIK BUSINESS LINKS PVT LTD,1287
SAKSHAM TRADING COMPANY,1280
JIJO ELECTRIC WHEELS PVT LTD,1240
BENTINCK INDUSTRIES PVT. LTD.,1236
RIVER MOBILITY PVT LTD,1226
SONI E VEHICLE PVT LTD,1225
RSD SECURITY SOLUTIONS PVT LTD,1195
SHALYA AUTO SALES PVT LTD,1190
STAR IGLOBAL AUTOMOTIVE PVT LTD,1189
AKG INTERNATIONAL,1186
KABMAX ELECTRIC AUTOMOBILES PVT. LTD,1183
DIAMOND E VEHICLES,1179
RANA ENGINEER WORKS,1179
CHANDANA CORPORATION,1166
MANIRAM ELECTRIC VEHICLE PVT LTD,1152
JESSUN TECHNO PVT LTD,1127
AUTOECO GREEN ENERGY PVT LTD,1123
ASHMA-MOTORS PVT LTD,1122
DD AUTO PVT LTD,1114
3EV INDUSTRIES PVT LTD,1098
FIRST CHOICE ELECTRIC VEHICLES PVT LTD,1095
3S INDUSTRIES PRIVATE LIMITED,1073
PRIDE E-MOTORS,1057
ANKUSH AUTO DEALS,1048
SIWACH STEEL PVT LTD,1047
BOOMA INNOVATIVE TRANSPORT SULUTIONS PVT LTD,1017
KGN,1016
PYTHOX MOTORS PVT LTD,1007
KGN INDUSTRIES,999
GURUKIRPA INDUSTRIES,988
NDS ECO MOTORS PVT LTD,975
SUPREME SMART POWER PVT LTD,961
NUMEROS MOTORS PVT LTD,958
KINETIC MOTOR COMPANY LIMITED,944
MALI ENTERPRISES PVT LTD,938
RIBAND ELECTRIC PVT LTD,937
VOLVO AUTO INDIA PVT LTD,922
SPEEGO VEHICLES PVT. LTD,922
K T ENTERPRISES,922
S.V AUTOMOTIVE,913
OM BALAJI AUTOMOBILES I P LTD,912
KETO MOTORS PVT LTD,909
KRISHNA VEHICALS,905
UNIQUE AUTO ELECTRIC,900
ROARLEO MOTOR PVT LTD,896
GAGAN AUTOMOTIVES,891
AMAN ELECTRIC VEHICLES,889
TAURUS ELECTRIC VEHICLES,885
EXTREME MOTORS,872
KALPVRIKSH ELECTOMOBILES CO,863
OM INDUSTRIES,860
HARSH TRADING CO,858
APARNA INDUSTRIES,857
ENGTIAN ELECTRIC BIKE PVT LTD,850
BESTWAY AGENCIES PVT LTD,841
MANISH EV INTERNATIONAL PRIVATE LIMITED,829
OGATA MOTORS INDIA PVT LTD,826
EVTRIC MOTORS PVT LTD,825
KIA INDIA PRIVATE LIMITED,825
KALINGA VENTURES INDIA PVT LTD,817
REPUBLIC MOTORS,794
EFEV CHARGING SOLUTION PVT LTD,778
KYTE ENERGY PVT. LTD.,776
EVEX AUTO INDIA PVT LTD,768
UMA MOTORS,761
DIVANSU AUTOMOBILES LTD,752
CART INDIA,738
MERCEDES -BENZ AG,734
EPOWER VEHICLES PVT LTD,727
URWASHI ENTERPRISES,719
SHREE MARUTI NANDAN BUSINESSS (P) LTD,719
RAMON INDUSTRIES,718
V.T. ENGINEERING,714
WUXI SAIGE (IMPORTER: WARIVO MOTOR),709
SN SOLAR ENERGY,708
B24 ROKET EV,691
S AND J INDUSTRIES,689
SINGH AUTOMOBILES,681
AADITYA EMOTORS INDIA PVT LTD,669
SHRI RAM AUTO TECH PVT LTD,664
PACE AGRO PRIVATE LIMITED,663
TSM ENGINEERING PVT LTD,655
ODYSSE ELECTRIC VEHICLES PVT LTD,647
KHEMRAJ AUTOMOTIVE INDUSTRIES,645
REFLEX CONTROL SYSTEM PVT .LTD,644
VIJAYSHREE AUTOCOM LIMITED,638
SIMPLEENERGY PVT LTD,633
VIJAYA ELECTRIC AUTO PVT LTD,622
PARVEEN AUTO,619
GODAWARI ELECTRIC MOTORS PVT LTD,612
RAHUL AGRO EXPORTS PVT LTD,605
ARMAN GREEN VEHICLES PVT LTD,599
ANJALI TRADERS,597
DASHMESH TRADERS,597
DHAR INTERNATIONAL,596
OMEGA SALES & AGRO INDUSTRIES,588
BAL GOPAL WHEELS PVT LTD,588
A P I MOTORS PVT LTD,582
SAKSHAM TECH AUTOMOBILES,579
HYKON INDIA LTD,573
RASANDIK ENGINEERING INDUSTRIES INDIA LTD,569
GREEN STAR MOTORS,569
LAKSHYA AUTO SALES CORPORATION,564
M/S HOVEL CYLINDER PVT LTD,561
WUXI TENGHUI (IMPORTER: HOP ELECTRIC MOBILITY),557
V.V.A.AUTO INDUSTRIES PVT.LTD,556
E-ASHWA AUTOMOTIVE PVT LTD,555
G.K E-VEHICLS INDUSTRIES PVT LTD,553
INDIA SAFE ENTERPRISE,533
ROWWET MOBILITY PVT LTD,532
SINGHAL ENTERPRISES,518
GREEN KAIKETSU AUTOMOTIVE INDIA PVT LTD,515
KHALSA  AGRO INDUSTRIES,502
OZOTEC AUTOMOBILE PRIVATE LIMITED,500
JIANGSU AIMA (IMPORTER: QUANTUM ENERGY),498
MOTRAC MOTORS PVT LTD,494
NIRMAL UTILITY SERVICES PVT LTD,485
NEXZU MOBILITY PVT LTD,483
ECO-FRIENDLY ELECTRIC VEHICLE PVT LTD,483
ELECTRECA VEHICLES,479
RAVI METAL WORKS,472
JAYDEV ENTERPRISE,469
WUXI TENGHUI (IMPORTER: SEEKA E MOTORS),460
DAO EVTECH PRIVATE LIMITED,457
VEECTERO E VEHICLES LLP,455
SHINE METAL UDYOG PVT LTD (UNIT- II),454
YOUYAKU ELECTRIC (IMPORTER:IME VEHICLES PVT LTD),450
LOTEY AGRO INDUSTRY,448
SONI E VEHICLES PVT LTD,447
E-SPRINTO GREEN ENERGY PVT LTD,447
JAIN POWER CORP,446
GREEN VALLEY MOTORS,437
SYNDICATE AUTO COMPONENTS,437
ATUL GREENTECH PRIVATE LIMITED,435
RAJESH STEEL AND WIRE INDUSTRIES,431
AMBIKA ENTERPRISES,430
XXPLORE AUTOMOTIVE PVT. LIMITED,427
JADE KOREA SPINE LIFE,420
NISSAN MOTOR INDIA PVT LTD,420
WUXI TOURWE (IMPORTER: GOREEN E-MOBILITY),418
LORDS VEHICLE MFG PVT LTD,418
UMA  AUTO INDUSTRIES PVT. LTD,417
JUNO CASTINGS PVT LTD,412
MAA KALPANA ENTERPRISE,411
SUDHRAJ ELECTRIC MOBILITY PVT. LTD.,409
HONDA MOTORCYCLE AND SCOOTER INDIA (P) LTD,405
AUDI AG,402
MERCEDES-BENZ INDIA PVT LTD,399
EVCO AUTOMOBILES PVT LTD,398
M K ENTERPRISES,396
CAPARO AUTOTECH LIMITED,394
U P TELELINKS LTD,390
GODAWARI TECHNO SOLUTIONS PVT LTD,389
M G INDUSTRIES,385
HUNDA EV PVT LTD,380
VISHWAKARMA GNG INDUSTRY,378
ENGINIA VEHICLES PVT LTD,377
BALAN ENGINEERING PVT LTD,376
HOP ELECTRIC MOBILITY PVT LTD,374
CLH GASEOUS FUEL APPL PVT LTD,373
AFTEK MOTORS INDIA PVT LTD,367
NISIKI TECHNOLOGIES PVT LTD,366
SOKUDO ELECTRIC INDIA PVT LTD,364
HITEK ELECTRIC AUTO CO,364
PRAG MOTORS,364
ADRIS ELECTRIC PVT LTD,360
WELKIN HEALTHCARE PVT LTD,355
JUNENG MOTORCYCLE (IMPORTER: ISCOOT MOTERS),351
KCAS ELECTRIC VEHICLES PVT LTD,349
AMAN AUTOMOBILES,348
ETRIO AUTOMOBILES PVT LTD,345
ASHA IMPEX,343
HONDA CARS INDIA LTD,343
WUXI JIYAYI (IMPORTER: IZANAU ELECTRIC LLP),341
E-GURU AUTO ENERGY,339
RAJ AUTOMOTIVE,339
S S GLOBAL,334
A3T INCORPORTED,333
DELTEK ENTERPRISES PVT LTD,332
AJAY MOTORS PRIVATE LIMITED,332
FIVE ELEMENTS,331
VISHAL ENTERPRISES,330
PORFITEL TECHNOLOGY (IMPORTER: AERORIDE),326
ULTRAVIOLETTE AUTOMOTIVE PVT LTD,325
MARUTHISAN PVT LTD,321
GURU JI WHEELS,320
NIKHIL FURNITURES,320
POOSHPAK AUTOMOBILES PVT LTD,317
J S MOBILEON PVT LTD,314
SUNULTRA POWER SOLUTIONS PVT LTD,313
GOENKA ELECTRIC MOTOR VEH P L,312
NAMAH INDUSTRIES PVT LTD,306
KABIRA MOBILITY LLP,304
KERALA AUTOMOBILES LIMITED,302
WUXI SAIGE ELECTRIC (IMPORTER: DELTA AUTOCORP LLP),295
SEN AND PANDIT VOLTAGE CONTROL PVT LTD,291
CHINA HAOCHEN (IMPORTER: ADMS MARKETING),289
MOHAN GENERAL TRADING COMPANY,289
DSF INDUSTRIES PVT LTD,289
MLR AUTO LTD,289
DEV MOTORS,287
GRAM TARANG EMPLOYABILITY TRAINNING SERVICES P LTD,284
GREEN EVOLVE PVT LTD,283
SHINME ELECTRICAL VEHICLE PVT LTD,283
SGLLINE MOTORS PVT LTD,282
MECPOWER MOBILITY PVT. LTD.,282
ADM TECHNOLOGIES PVT. LTD.,280
GREEN KAIKETSU AUTOMATIVE IND,277
PRAKASH ENTERPRISES,275
KAMAZ INDUSTRIES,275
PRAAKARM AUTO & CONSTRUCTION EQUIPMENTS,274
JAI SRI RAM ELECTRIC VEHICLE MANUFACTURING PVT LTD,273
J P AUTO TECH,273
INS AUTOMOBILES PVT LTD,272
AYAAN ELECTRONIC PVT LTD,271
OBEN ELECTRIC VEHICLES PVT LTD,267
NABH MOTORS PVT LTD,265
HONGKONG YIXING (IMPORTER: ADMS MARKETING),261
SHRI BALAJI ENTERPRISES,260
SMART ELECTRO MOTORS,260
KUMARAN ENGINEERING ENTERPRISES,259
YAARI AUTOMOBILES PVT LTD,258
MANMOHAN KAUR,253
OMJAY EV LIMITED,252
ROYCE EV PVT LTD,246
MONDAL TRADING,246
IRA EDUTECH PVT LTD,239
EDMRC MANNSCHAFT LLP,239
M2J E VAHAN PVT LTD,234
TEJASGREEN AUTOMOTIVE PVT LTD,231
WUXI TENGHUI (IMPORTER: FLYCON MOTORS),229
THE COMMERCIAL MOTORS LIMITED,226
EXERVAL PVT LTD,223
SIRF INDIA VEHICLES PVT LTD,222
MAHI ENTERPRISES,217
DYNAVOLT TECHNOLOGY INDIA LTD,215
ZAP (HK) (IMPORTER: IZANAU ELECTRIC),211
PATS MOTOR CORP,210
ZOHAN TRADERS AND BIG METRO,210
PORSCHE AG GERMANY,210
MOMU AUTOMOTIVE,210
HAARISH AUTOMOTIVES (OPC) PRIVATE LIMITED,210
SARAVANA ENGINEERING WORKS,208
BIJNOR ENTERPRISES,208
SUN INDUSTRIES,207
GALVANIC AUTO PVT LTD,207
ALTIUS TECHNOLOGIES,206
TRINITY ELECTRIC VEHICLES PVT LTD,201
PANTHER ELECTRIC VEHICLES,201
BHADAURIA ENTERPRISES,200
SAINIK CYCLE MART,196
ECO DYNAAMIC EQUIPMENTS,195
LIONIZE AUTOMOBILE PVT LTD,194
YOUYAKU ELECTRIC (IMPORTER: HOUSTAN INNOVATION),191
SPEEDWAYS ELECTRIC,190
ALLENTTI MOTORS PVT LTD,190
GOODENERGY INDIA PVT LTD,188
A K AUTTO ELECTRICAL,182
YOUYAKU ELECTRIC (IMPORTER: SASDAL ENTERPRISES),181
GREEN WHEELZ (INDIA),180
CYRUS AUTO INDUSTRIES PVT LTD,180
INVVIGORS INDIA,178
DIVANSHU AUTOMOBILES LIMITED,176
CHARUVIKRAM AUTOMOBILE PVT LTD,174
VICTORIA E VEHICLES PVT. LTD,173
GREENFIT INDUSTRIES LLP,172
ELEPHANTA INDUSTRIES PVT LTD,172
KALIKA VAHAN PVT LTD,170
ARD EXIM,170
GOODWILL HI PRECISION WORKS PVT LTD,169
FIADO INDUSTRIES PVT LTD,169
KIRAN AUTOMOBILE INDUSTRY,168
WHITE CARBON MOTORS PVT LTD,165
A.R. MOTOR,164
C M OVERSEAS,164
GAURA ELECTRIC VEHICLES PVT LTD,163
RICHFORD ALLIANZ PVT LTD,162
GREEN SHUTTLE TECHNOLOGY PVT LTD,162
SRIVARU MOTORS PVT LTD,161
HERCULES CRANE PVT.LTD.,161
TRUPART AUTOMOTIVE INDIA PVT LTD,157
YANGGUANG LINGMU (IMPORTER: FLYCON MOTORS),157
SETHJI INDUSTRIES,154
ELECTRA INTERNATIONAL,154
JAY ACE TECHNOLOGIES LTD,153
D S INDUSTRIES,151
KRISHNA INDUSTRIES,151
CITADEL ENTERPRISES(OPC) PVT LTD,150
TSR TRADE COM,148
VINCI INDUSTRIAL CORPORATION,147
PANSEN ENGINEERING INDIA PVT LTD,145
SKYY RIDER ELECTRIC PRIVATE LIMITED,144
VAHAK FUTURE SOLUTIONS LLP,141
RP MOTORS,139
JIANGSU XINRI E-VEHICLE(IMPORTER SWIFT CUR.TECH.),139
PRIYAM INDUSTRIES AND ENGINEERING PVT LTD,139
ANJALI AUTO COMPONENTS,138
DYS IMPEX PVT LTD,138
MOTOR & GENERAL SALES PVT LTD,137
VICTOR AGRO INDUSTRIES,137
SEALION AUTOMOBILE PVT LTD,134
GOGORO INDIA PVT LTD,133
MIRAKLE 5 AUTOMOBILES PVT LTD,132
SHAILENDRA AUTOS PVT LTD,131
ZESAR MOTORS PVT LTD,130
JAGUAR LAND ROVER INDIA LIMITED,129
RAJIV RAJ VEHICLES PVT LTD,127
ATUMOBILE PVT LTD,127
LUCKY INDUSTRIES,126
NGAGE WHEEL PVT LTD,124
K. V. INDUSTRIES,124
SUNANDA GREENTECH PVT LTD,123
XXPLORE AUTOMATIVE PVT LTD,122
BLIX CYCLES AND E-VEHICLES PVT LTD,122
KPT MOTORS,122
G WILLIAMS FABRICATIONS LTD,120
SIX SENSES AUTOMOTIVE PVT LTD,120
RASIWASIA RASAYAN PVT LTD,120
TUNWAL E MOTORS PVT LTD,119
CELLETRON MOTOR WORKS,119
ALTIUS EV TECH PVT LTD,118
GREENETICS INDUSTRIES PVT LTD,117
INDIA YAMAHA MOTOR PVT LTD,116
VISHALA E-VEHICLES INDUSTRIES PRIVATE LIMITED,115
YUVRAJ INTERNATIONAL,115
SPEED AUTO TECH,115
WASAN E-MOBILITY SOLUTIONS PVT LTD,113
PRAJJWAL MAHAJAN TRADERS,112
PRAGYA AUTOMOBILE PVT LTD,112
S B TRADERS,112
RDS INDUSTRIES,110
JAYEM AUTOMOTIVES PVT LTD,110
WOX COOLERS PVT LTD,109
SBTEK E MOTO PVT LTD,109
QICHENG VEHICLE (IMPORTER: AUTOICARE INNOVATION),109
SUPER POWER MOTORS,109
HERO ECO VEHICLES PVT LTD,108
EVAGE AUTOMOTIVE PVT LTD,107
VVA AUTO INDUSTRIES PVT LTD,107
XPLORE AUTOMOTIVE PVT LTD,107
ERISHA E MOBILITY PVT LTD,105
TYST DRIVE INDIA PVT LTD,104
YOUYAKU ELECTRIC (IMPORTER:NEWTRON ELECTRIC),103
MALAK TECHNO PVT LTD,102
HITECH INDUSTRIES,102
SVS ENTERPRISES,101
PRESTANTIA CREATIONS PVT LTD,101
GAYAM MOTOR WORKS PRIVATE LIMITED,101
ANCHI MOTORCYCLE (IMPORTER: YED ELECTRIC),100
DEVAM ELECTRIC VEHICLES PVT LTD,99
NEUON MOTORS LLP,99
JUNENG MOTORCYCLE (IMPORTER: ADMS MARKETING),98
ROYAL-ENFIELD (UNIT OF EICHER LTD),98
DEEP DRAWN TECHNOLOGIES,98
SHREYA ENGINEERS,97
IZANAU ELECTRIC LLP,96
U V MOTORS INDIA PVT LTD,95
TOYOTA KIRLOSKAR MOTOR PVT LTD,94
MICROCON I2I PVT LTD,94
WUXI SAIGE (IMPORTER: DM GREEN ENERGY),93
ALBEDO VISION PVT LTD,93
PAARTH SARTHI AUTOMOTIVE ENGINEERS PVT LTD,93
KAKKAR ELECTRIC AUTO PVT LTD,93
BAJAJ IMPLEMENTS PVT LTD,91
RACCOON MOTORS PVT LTD,89
VGLAN BUILDCON PRIVATE LIMITED,89
AVON CYCLE LTD INDIA,89
CREATIVE ENGINEERINGS,88
MALHOTRA  VEHICLE MANUFACTURING PVT LTD,88
LAXMI E-RICKSHAW COMPANY,87
RIYA ENTERPRISE,85
SWITCH MOBILITY AUTOMOTIVE LTD,85
GREENTECH AUTO LLP,83
SHREE SIRIDI SAI MINERAL & EXPORTS PVT. LTD,83
DHRITI ENTERPRISES,81
KANIFA AUTOMOTIVE PVT LTD,81
PURVA UDYOG PVT LTD,80
TARA MAA MACHINERY,80
SF2 E VEHICLE PVT LTD,79
HERO HONDA MOTORS  LTD,79
ANCHI MOTORCYCLE  (IMPORTER: ECOTRINITY AUTOMOBILE,79
ISUKII GREENS PVT LTD,79
BAGHWAN RIKSHAW UDYOG,78
FSTMOTO (IMPORTER: AUTOICARE INNOVATION),78
SANCHAL AUTOMOBILES PVT LTD,78
PASHUPATI VEHICLES PVT LTD,77
VOLMAC ENGINEERING PVT LTD,77
YC ELECTRIC VEHICLE PVT LTD,77
HANUMAN UDYOG,76
NB TURNED  COMPONENTS PVT LTD,76
PACE AGRO PVT LTD,76
ZHEJIANG LUYUAN (IMPORTER: DYNAM EV TECH),75
SUZUKI MOTORCYCLE INDIA PVT LTD,74
HITECH  MECHANICAL WORKS,73
LML LIMITED,73
SHIV ENTERPRISES,72
HOUSTAN INNOVATION LLP,72
BESTWAY BANARASH,72
CAPARO AUTOTECH LTD,71
NEELAM CYCLE,71
GOGORO (IMPORTER: GOGORO INDIA PRIVATE LTD),71
OLYMPUS INDUSTRIES PVT LTD,70
ZHEJIANG TIANYING  (IMPORTER: NEWTRON ELECTRIC),70
ZERO 21 RENEWABLE ENERGY SOLUTIONS PVT LTD,69
ROANSOME MOTORS,69
SWASTIK,68
GREEN TACK EMPALA ELECTRIC MOTOR COMPANY,68
NEW CHAWLA INDUSTRIES,67
SUNARIYA MOTORS PVT LTD,67
WUXI MAYA (IMPORTER: DYNAMO ELECTRIC P. LTD.),67
OM PACKAGING,67
A.J ENTERPRISES,66
SHIVA ENTERPRISES,65
EVBHARAT RANGE PRIVATE LIMITED,64
EEVEE ENGINEERING PVT LTD,64
MARKUS,64
VE COMMERCIAL VEHICLES LTD,64
KAINING (HONGKONG) (IMPORTER: ENIGMA AUTOMOBILES),63
M2GO ELECTRIC VEHICLE PVT LTD,63
LAWAT MOTORS,63
WUXI SAIGE ELECTRIC (IMPORTER: GLORIOUS DIGITAL),63
AADITYA GARBAGE PRODUCTS PVT LTD,62
SIARSA ELECTRICALS PVT LTD,62
NARAINDASS AND SONS,62
GOOD ENERGY INDIA,61
JIANGSU DALONG (IMPORTER:TYLOS ELECTRIC VEHICLES),60
ABZO MOTORS PVT LTD,60
HAITEK AUTOMOTIVE PVT LTD,60
PUNJAB BODY BUILDERS,59
NIBE MOTORS PVT LTD,58
YOUYAKU ELECTRIC (IMPORTER:ONZO EV),57
KRANTI AUTOMOBILES LTD,57
M/S VISHNU CLEAN ENERGY VEHICLES LLP,56
SUPERECO AUTOMOTIVE CO LLP,56
DHAR IN PVT LTD,55
ZHONGHUALONG (IMPORTER: POWORO PVT LTD),54
SUCCESSPATH MARKETING PVT LTD,53
YANGGUANG LINGMU (IMPORTER: REMARK ELECTRIC),53
VSL INDUSTRIES,52
NAND ELECTRIC MOTOR VEHICLE PVT LTD,52
TWASHTRE AUTOMOTIVE PVT LTD,52
JUNENG MOTORCYCLE (IMPORTER: JHEV MOTORS PVT LTD),52
BRIGHT METAL WORKS,52
REVA ELECTRIC CAR CO,51
WUXI TENGHUI (IMPORTER: FEZORA INDIA),51
FITWEL MOBILITY PVT LTD,51
LI-IONS ELEKTRIK SOLUTIONS PVT LTD,50
SUPREME SALES AGENCY,50
MULTI DIMENSIONAL SOLUTIONS,50
PINNACLE MOBILITY SOLUTIONS PVT LTD,49
MODIKA INTERNATIONAL (IMPORTER: FRANKLIN EV),49
SHAMMI ELECTRONICS,49
JIANGSU AIMA (IMPORTER: FUTURE EV),48
WUXI SHENGBAO (IMPORTER:SHEMA E-VEHICLE),48
VGLAN BUILDCON PVT LTD,48
DIVYA AUTOMOBILES,48
KPT INDUSTRIES LTD,47
SAMEER ENGINEERING,47
STAR INDUSTRIES,47
DESMOTO ELECTRICS PVT LTD,47
JIANGSU DALONG (IMPORTER: SABOO TOR),46
JCB INDIA LTD,46
AARGEE ELECTRIC,46
WUXI SHENGBAO (IMPORTER:ELECTRIC ONE ENERGY),46
ELECTRIC ALLIANCE(IMPORTER: ELLYSIUM AUTOMOTIVES),45
LALA G E RICKSHAW AND SPARE PARTS,45
SHERA ELECTRICAL AUTO PVT LTD,45
JUNENG MOTORCYCLE TECH. (IMPORTER: DELTA AUTOCORP),45
ECOBIT INTERNATIONAL(IMPORTER: JHEV MOTORS),44
WUXI TENGHUI (IMPORTER: BOHRE ELECTRIC),43
HITECH ELECTRIC AUTO CO,43
"""VOLVO GROUP INDIA PVT LTD""",43
SAGAR FABRICATIONS,43
JINDAL ELECTRIC VEHICLES,43
YANGGUANG LINGMU (IMPORTER: DAWNGATE BUSINESS),42
SHRI RAM AUTOMOBILES,42
BSERAIL ENGINEERING PVT LTD,41
JIANGSU GUOWEI (IMPORTER: REVEAL ELECTRIC),41
JAL ENTERPRISES,40
GODREJ AND BOYCE MFG CO LTD,40
GOOD WILL HI PRECISION,40
BABA E RICKSHAW & C BATTERIES,39
GAURI AUTO INDIA PVT. LTD,39
ZAP (IMPORTER:ELLYSIUM AUTOMOTIVES PVT LTD),39
ORIGINAL FUEL SYSTEM PVT LTD,38
NANNHRAY AGIRCULTURE WORKS,37
SWADESHI INDUSTRIES,37
GRG SMART VEHICLE PVT LTD,37
CHANDAKE-AUTOMOBILES LLP,37
WUXI TENGHUI (IMPORTER: JOZHI SERVICES),36
YOUYAKU ELECTRIC (IMPORTER: SMOBILITY EV),36
V V A ELECTRIC VEHICLE,36
MAHINDRA & MAHINDRA LIMITED (TRACTOR),36
LAKSHYA MOTORS,35
DONGMA VEHICLE (IMPORTER: MERCURY METALS),35
OLECTRA GREENTECH LTD,35
WUXI TENGHUI INTERNATIONAL (IMPORTER: FEZORA),35
SHIVGANGA ECOGREEN LLP,35
KALINGA VENTURES IND P,35
EBUZZ MOBILITY LLP,34
G. M. VEHICLE INDUSTRIES,34
REFLEX CONTROL SYSTEM PVT,34
GOBIND INDUSTRIES PVT LTD,34
ECOYAN ELECTRIC MOTOR VEHICLES PVT LTD,34
SUGANJI RARA ELECTRIC VEHICLE PVT LTD,34
KANHA ELECTRIC VEHICLES,33
VIJEX STEEL FABRICATION,33
PUNEET OVERSEAS  INC,33
WUXI TENGHUI (IMPORTER: FRANKLIN EV INDIA),32
VOLTAIC INDUSTRIES PVT LTD,32
SWARNCHAKRA AUTOMOBILES PVT LTD,31
WUXI SAIGE (IMPORTER: E-VISHWA ELECTOBIKE),31
CAPCO INDUSTRIES PVT LTD,31
QOOKEE TECHNOLOGIES (IMPORTER:VIKEBIKE INDIA),31
MARUTI SUZUKI INDIA LTD,30
SHRI LAKSHMI LATHE WORKS,30
DSR EV MOBILITY PVT LTD,30
APARNA AGRICO,30
SAI SAMEER POWER ELECTRIC VEHICLES PVT LTD,29
ASHWA ELECTRIC,29
M/S. DAVE EXIM (P) LTD.,29
SAIFIAN SOLAR PVT LTD,29
PASHUPATI NATH MOTORS PVT LTD,29
SURYA INTERNATIONAL,29
SHINE METAL UDYOG PVT LTD,28
MAC INTERNATIONAL (IMPORTER: JHEV MOTORS PVT LTD),28
KAINING (HONGKONG) (IMPORTER:M/S IZANAU ELECTRIC),28
NINGBO SANJIANG (IMPORTER: VABRO EVTECH),28
SAKSHAM TECH AUTO,28
BALAJI TRADING COMPANY,28
PASHUPATI VEHICLE PVT. LTD.,27
SKS AUTOMOBILES (I) PVT LTD,27
JIANGSU DALONG (IMPORTER: KINGCHE MOBILITY),27
GO GREEN EOT (ENERGY OF THINGS) PVT LTD,27
VEHICLE FACTORY JABALPUR,27
WUXI DONGMA (IMPORTER: DYNAM PRECISION),27
WUXI SAIGE (IMPORTER: ZELIO AUTO PVT.LTD.),26
SUNSHINE TECHNOLOGIES,26
NEWTON INDIA INDUSTRIES PVT LTD,26
JIANGSU JINPENG (IMPORTER: KKL HITECH EV),26
JOYRAM STEEL FABRICATION WORKS,26
JAYA AUTOMOTIVES PVT LTD,26
SPEEDWAYS ELECTRIC PVT LTD,25
CARREE YUNUS VEHICLE PVT LTD,25
DURABLE FLANGES PVT LTD,25
ALL TERRAIN CRANE,25
MAHINDRA NAVISTAR  AUTOMOTIVES LTD,25
YANGGUANG LINGMU (IMPORTER: XWLS ELECTRIC),24
WARIVO MOTOR INDIA PVT LTD,24
SAS MOTORS LTD.,24
WUXI TENGHUI INTERNATIONAL (IMPORTER: FRANKLIN EV),24
BULL MACHINES PVT LTD,24
MARINE NAVAIDS & SOLAR AUTO PVT LTD,24
HBSS E MOBILITY PVT LTD,24
KNIGHT QUEEN INDUSTRIES PV LTD,24
YOUYAKU ELECTRIC (IMPORTER:KRISHIKA EV INDIA),23
ADITYA AGRO INDUSTRIES,23
ATOMEX E-MOTORS INDIA PVT LTD,23
SML ISUZU LTD,23
EVOLUTION AUTOTECH,23
SITYOG ENGINEERING PVT LTD,23
CHIRAG ENTERPRISES,23
PRABHA AUTOMOTIVE ENGINEERS PVT LTD,23
TEREX CORPORATION,22
VEANCO AUTOMOTIVES PVT LTD,22
RAMA INDUSTRIES,22
NANYA AIRCONN PVT LTD,22
MAA LUXMI E-VEHICLES PVT. LTD.,22
ANCHI MOTORCYCLE(IMPORTER:GREEN FUEL ALTERNATIVES),21
ZBEE INDIA PVT LTD,21
LOG 9 MATERIALS SCIENTIFIC PVT LTD,21
SAURYAA SHARYO CORPORATION,21
HONGKONG YIXING (IMPORTER: VICTORY ELECTRIC),21
MAHINDRA TWO WHEELERS LTD,21
ARIHANT ENTERPRISES,20
TAO POWER PRIVATE LIMITED,20
DUKEMOTO MOTORS PVT LTD,20
FUJIYAMA POWER INFRA PVT. LTD.,20
RENAULT INDIA PVT LTD,20
SHRI SHIVSHANKAR ENTERPRISES,19
EKO VEHICLE PRIVATE LIMITED,19
KARNATAKA SCOOTERS LTD,19
DIWA GREEN TECHNOLOGY PVT LTD,19
"MAYUR ENTERPRISES,BARIPADA",19
SHUBHAM MANUFACTURER,19
VISHWARUP ENTERPRISE,18
TRUZ INDUSTRIES,18
THE COMMERCIAL MOTORS PVT LTD,18
ATR TECHNOSALES PRIVATE LIMITED,18
INDUS ELECTROTHERM INDIA LTD,18
SHRI ABIRAMI TRAILERS,18
ADAPT MOTORS PVT LTD,18
SMAP VEHICLES (IMPORTER: ELEGO MOTORS),17
USHASONS AUTO COMPONENTS,17
WUXI SAIGE (IMPORTER: ELECTRO-TECH),17
MILLENNIAL MOTORS LLP,17
JIANGSU XINRI (IMPORTER: NISIKI TECHNOLOGIES),17
MUNDE MECHANICAL WORKS,17
KNIGHT QUEEN INDUSTRIES PVT LTD,17
SCOOTERS INDIA LTD,17
LEOPAN MOTORS PRIVATE LIMITED,17
M K BROTHERS,17
KAINING (HONGKONG) (IMPORTER: ENERGY AUTOMOBILE),17
M/S JASRAJ AUTO AGENCY,17
KRANTI INTERNATIONAL,16
WUXI TENGHUI (IMPORTER: REMARK ELECTRIC),16
GURUKIRPA MOTORS,16
RD AND CO,16
AAKK AUTO PVT LTD,16
KION INDIA PVT LTD,15
SEEKA E MOTORS PVT LTD,15
ENIGMA AUTOMOBILES PVT LTD,15
LAKSHMI AUTO TRADERS,15
SUN MOTORS,15
JIANGSU DALONG (IMPORTER: ENGTIAN ELECTRIC),15
BILAL TRAILORS,15
INTERNATIONAL TRACTORS LIMITED,15
MAN TRUCKS INDIA PVT. LTD.,14
RASANDIK MOTORS PVT LTD,14
MOTOVOLT MOBILITY PVT LTD,14
WUXI NOOMA (IMPORTER: SMARTNK  ELECTRIC VEHICLE),14
WUXI SAIGE (IMPORTER: NGAGE IMPEX),13
JIANGSU SUNHOU (IMPORTER: SABOO TOR),13
EXTRAMILE GAS TECH,13
YOUYAKU ELECTRIC (IMPORTER: TVISI ELECTRIC),13
OM. INDUSTRIES,13
UNIC,13
RAFTAAR ELECTRIC GREEN VEHICLES PVT LTD,12
KADESEETLA AASHIRWAD GP INDUSTRIES PVT LTD,12
MACNEILL ENGG LTD,12
LOCAL TRAILER MANUFACTURER,12
GREEN WORLD MOTORS PVT LTD,12
ACTION CONSTRUCTION EQUIPMENT LTD.,12
VINAYAK INDUSTRIES,11
KRISHNA ENGINEERING,11
GEO ALLIANCE,11
NEW HOLLAND CONSTRUCTION EQUIPMENT(I) PVT.LTD.,11
S.S.AGRO TECH,11
GURJEET AGRO INDUSTRIES,11
DEVAM ELECTRIC VEH P L,11
LIUGONG INDIA PVT. LTD,11
ANTONY TRAILORS,11
CHANGZHOU YEFEND VEHICLE CO,11
MAA DURGA ELECTRIC MOTOR VEHICLE PVT LTD,11
ANCHI MOTORCYCLE (IMPORTER: EVNEXUS PVT. LTD.),11
SANT ENGG WORKS,11
A.K.AUTO ELECTRICAL,10
GURDEEP ENGINEERING WORKS,10
H. D. AUTOMOTIVES,10
PREET TRACTORS PVT. LTD.,10
RACHANACREATIONS AUTO PVT LTD,10
HOMFEEL VEGH AUTOMOBILES PVT LTD,10
CHINA HAOCHEN (IMPORTER:SLSR ELECTRO),10
EICHER TRACTORS,10
SHRIRAM ASTRAL MOTOR CO,10
EYUG AUTOMOBILE PVT LTD,10
GENERAL AGENCIES(KOLKATA) PVT LTD,10
ADITYA ENTERPRISES,10
YANGGUANG LINGMU (IMPORTER: DURGA FILTERS),10
WUXI TENGHUI (IMPORTER: JAIDKA POWER),9
WUXI TENGHUI (IMPORTER: RADHA MOBILITIES LLP),9
TRANSVAHAN TECHNOLOGIES INDIA PVT LTD,9
VEERA VAHANA UDYOG PRIVATE LIMITED,9
ESCORTS KUBOTA LIMITED (AGRI MACHINERY GROUP),9
POWERLAND AGRO TRACTOR VEHICLES PVT LTD,9
PMI ELECTRO MOBILITY SOLUTIONS PRIVATE LIMITED,9
KRANTI AUTOMOBILES LIMITED,9
ASTER AUTOMOTIVE PVT LTD,9
GREAVES INDIA PVT LTD,9
SUPROVA ENTERPRISE,9
S.P. ELECTRONICS,9
LOTIA  MOTORS  LTD,9
JAISWAL INDUSTRIES,8
GARWARE MOTORS LIMITED,8
K. S. INDUSTRIES,8
MOTOROYALE KINETIC PRIVATE LIMITED,8
LAKSHMI AGRO INDUSTRIES,8
UMA AUTO INDUSTRIES PVT LTD,8
ANOOP CYLINDERS PVT LTD,8
ASHLESHA POWER CONTROLS PVT LTD,8
AGRAWAL RENEWABLE ENERGY PVT LTD,8
SHRI CHAMUNDI MOPEDS,8
KAINING (HONGKONG) (IMPORTER: TOXMO ELECTRIC),7
GREEN WAY ECO RIDE,7
S J TRAILORS,7
UNICORN DIGITAL SYSTEMS PVT LTD,7
VITAN JAGADA AUTOMOBILE PVT LTD,7
BAILI MOTOR (IMPORTER:A B MOTOSS EV PVT LTD),7
JIANGSU GUOWEI (IMPORTER:ELECTRO-TECH),7
VOLKSWAGEN INDIA PVT LTD,6
WELCOME E RICKSHAW,6
GENERAL MOTORS INDIA PVT LTD,6
ESCORTS CONSTRUCTION EQUIPMENT LTD,6
VARIOUS INNOVATIVE SYSTEMS HYBRID NANO UTILITIES,6
J.S.AUTO PVT LTD (KANPUR),6
HARSHVIE INDUSTRIES PVT LTD,6
AL-ZAHOOR  CO,6
SUN MOTORS PVT LTD,6
AXCEED INDUSTRIES (OPC) PVT LTD,6
MVM MOTORS PRIVATE LIMITED,6
JOHN DEERE INDIA  PVT LTD(TRACTOR DEVISION),6
CHEVROLET SALES INDIA PVT LTD,6
FRN MOTORS PVT LTD,6
REGENERATION E BIKES,6
"HYUNDAI MOTORS LTD, SOUTH KOREA",6
SUNKU AUTO LTD,6
RASANDIK ENGINEERING,6
JAYATI TOOLS,5
ZHONGXING (IMPORTER:GREENO AUTOMOBILE),5
VENUS AUTO INDUSTRIES,5
OCULUS AUTO INDUSTRIES LLP,5
PORWAL ELECTRIC,5
H.M.S.I. PVT. LTD.,5
ASIA BODY BUILDERS & MANUFACTURERS,5
M/S SRISHTI AUTOMOBILES,5
ANJALI ENTERPRISES,5
ANBU TRAILERS,5
API MOTORS PVT LTD,5
D.K. MOTORS,5
GRINDIA G MOTORS PVT LTD,5
EDDY CURRENT CONTROLS (I) LTD,5
JSS ENGINEERING COMPANY,5
SHRI GANAPATHY ENGG. WORKS,5
GEMAG CONSTRUCTION MACHINARY,5
DUCATI MOTOR HOLDING S.P.A,5
CATERPILLAR INDIA PRIVATE LIMITED,5
VOLTAS LIMITED,5
YANGGUANG LINGMU (IMPORTER: ECOINDIA),5
JAYNA AUTOMOBILES LLP,5
KARUMALAIAN AGRO INDUSTRY,4
KELVINATOR INDIA LTD,4
SHIV TRAILOR INDUSTRIES,4
REDDY AUTOMOTIVE PVT LTD,4
ROLLS ROYCE MOTOR (IMPORTER: KUN MOTOR),4
MICROAUTOTECH PVT. LTD.,4
SHRI VAIRAMUTHU TRAILERS,4
RAM JANKI ENG. WORK,4
EICHER MOTORS LTD,4
SMITH MOTORS PVT LTD,4
SAME DEUTZ - FAHR INDIA (P) LTD.,4
KUMAR MOTORS PVT LTD,4
H-D MOTOR COMPANY INDIA PVT LTD,4
GILL AGRICULTURE WORKS,4
GUANGXI MEIBAO(IMPORTER: DYNAMO ELECTRIC),4
TOYOTA MATERIAL HANDLING INDIA PVT LTD,4
VAUXHALL MOTORS LTD,4
V.T.ENGINEERING,4
CENTURY MOTORS PVT LTD,4
LAUNCHER MATERIAL HANDLING INDUSTRIES,4
HAYASA E-MOBILITY (INDIA) PVT LTD,4
NBC ENGINEERING PVT LTD,4
DASHMESH MECH WORKS PVT LTD,4
CHONGQING YU AN GROUP,3
STANDARD CORPORATION INDIA LTD,3
SSV TECHNOLOGIES,3
MAHALINGA ENGG. INDUSTRIES,3
JEMCO ENGINEERING PVT LTD,3
S E ASIA CO,3
EMOBI MANUFACTURY PRIVATE LIMITED,3
SURYA TRAILORS AND TANKERS,3
D S R AUTOMOTIVES (INDIA) PVT LTD,3
YOUYAKU ELECTRIC (IMPORTER: SHEMA E-VEHICLE),3
A R T WELDING WORKS,3
A D AGRO WORKS,3
DSK MOTOWHEELS PVT LTD.,3
LMV LTD,3
M/S TRISHIKA INDUSTRIES,3
UNIVERSAL LTD,3
MOTOR & GENERAL SALES LTD.,3
KAINING (HONGKONG) (IMPORTER: VOLTA EV PVT LTD),3
HSU DRAGON (IMPORTER: DARK FIGHT POWER PVT LTD),3
TAFE LIMITED,3
VORC MOTORS PVT LTD,3
FORD INDIA PVT LTD,3
RATHNA ENGINEERING COMPANY,3
CHATELEC VEHICLES INDIA LTD,3
SHRI SAKTHI VINAYAKA TRAILERS,3
MAHINDRA RENAULT PVT.LTD.,3
MAHINDRA NISSAN ALLWYN LTD.,3
SHRI CHINNAMMAN ENGG. WORKS,3
KISAN AGRO INDUSTRIES,3
PONMALAR TRAILERS,3
MACNEILL ENGINEERING LIMITED,3
3GB TECHNOLOGY PVT LTD,3
SIDHI DURGA ENGINEERING,2
HINDUSTAN MOTOR FINANCE CORPORATION LIMITED,2
JUNGHEINRICH AG AND CO,2
PRIMA PVT LTD,2
PARAG AGRO,2
DURGA FILTERS PVT LTD,2
ATLAS COPCO INDIA LTD,2
GREAT AUTOMOTIVE LIMITED,2
SHRI KUMAR TRAILERS EQUIPMENTS,2
SHRI MODERN TRAILERS,2
SAKTHI VINAYAKA ENGINEERING WORKS,2
SUN AUTO,2
ECOYAN ELECTRIC MOTORS VEHICLE PVT LTD,2
SUN SHINE ENGINEERING WORKS,2
ARASAN AND CO.,2
INTERNATIONAL CARS & MOTORS LTD,2
DILIP CHHABRIA DESIGN PVT LTD,2
OKA MOTOR COMPANY LTD.,2
YEZDI MOTORS LTD,2
CNH INDUSTRIAL (INDIA) PVT LTD,2
DAIMLER INDIA COMMERCIAL VEHICLES PVT. LTD,2
A-1 SUREJA INDUSTRIES,2
DAIMLER AG,2
DAEWOO MOTORS INDIA LTD,2
GOLDENLION (IMPORTER:ELLYSIUM AUTOMOTIVES PVT LTD),2
SAATHI TRADING CO,2
LIMA VEHICLE GROUP(IMPORTER: ROUTE & MARS EV LLP),2
"S M TRACTOR TRALERS, SHAHAPUR",2
M.G.P ENGINEERING WORKS,2
J S AGRO INDUSTRIES,2
AHITESHAM AGRO ENGINEERING,2
AMMAN ENGINEERING COMPANY,2
BHARAT MANUFACTURING & ASSEMBLING E RIKSHA,2
ELGI EQUIPMENTS LTD,2
ASHOK LEYLAND LTD,2
MAULIRAJ INDUSTRIES LLP,2
HITEK ELECTRIC AUTO CO.,2
SMARTOMATIC VEHICLES PRIVATE LIMITED,2
EXPO MACHINERY LTD,2
FSTMOTO INTERNATIONAL (IMPORTER: TEDI (INDIA)),2
JIANGSU DALONG (IMPORTER: RILOX EV PVT LTD),2
MSI INDUSTRIES,2
KAYAMEL MACHINE PRIVATE LTD,2
KATYAYANI AUTOMOTIVE,2
BYD AUTO,2
ROLLS-ROYCE MOTOR CARS(IMPORTER:SELECT CARS P LTD),2
MAHINDRA & MAHINDRA LIMITED (SWARAJ DIVISION),2
MAC INTERNATIONAL (IMPORTER:HONESTY),2
SHRI VENKATESHWARA TRAILOR,2
SHRI DEVIKA TRAILERS,2
SHRI ANGAMMAL ENGINEERING WORKS,2
REPUBLIC PVT.LTD.,2
CASE EQUIPMENT PRIVATE LTD,2
SHRI BANASHANKARI ENG WORKS,1
JIANGSU DALONG JIANHAO (IMPORTER: GREEN INDIA),1
SHRI ARUPADAYAN TRAILERS,1
"BASUDEB ENGINEERING, CUTTACK",1
BALAMURUGAN ENGINEERING WORKS,1
SHAKTIMAN AGRO INDUSTRIES,1
SHAH AGRO ENGG WORKS,1
BENGAL MOTORS,1
ROLLS ROYCE,1
GAIA INTERNATIONAL (IMPORTER: NEW ENERGY WAGON),1
GANAPATI AGRO INDUSTRIES,1
NICOLAS INDUSTRIES,1
SAKTHI VIJAY INDUSTRIES,1
SUNLECTRA AUTO,1
NGAGE IMPEX PVT LTD,1
SRI SAI MARKETING,1
EICHER POLARIS PVT. LTD.,1
SUMEC CO LTD (IMPORTER: ROUTE & MARS EV LLP),1
JEEVAA E-BIKE MFG PVT LTD,1
RAJKAMAL MOTORS LTD,1
MAHARASTRA SCOOTER LIMITED,1
SRI RAMA TRAILERS,1
CHONGQING CHARMING (IMPORTER: AYAAN ELECTRONICS).,1
CLAAS INDIA P LTD,1
CLENERGY INNOVATIONS PVT LTD,1
JEEVA TRAILERS,1
SHRI RAM INDUSTRIES,1
SIVA ENGINEERING WORKS,1
MAHINDRA GUJARAT TRACTOR LIMITED,1
SINDHU MOTORS,1
SHRI GANESH TRAILER,1
SHRI KANAGA TRAILERS TANKAR,1
SHRI JYOTHI ENG. WORKS.,1
SHRI LAXMI ENGINEERING WORKS,1
MAXI CAB,1
GREAVES COTTON LTD.,1
BAFNA AUTO CARS I PVT.LTD.,1
SIVASAKTHI ENGINEERING WORKS,1
MEGHA TRAILERS,1
MAHINDRA VEHICLE MANUFACTURER LIMITED,1
HMT LIMITED,1
BAJAJ TEMPO LIMITED,1
AUTOCROLA INDIA LTD,1
E-ASHWA AUTOMOTIVE (HS 2W) PVT LTD,1
MITHU BAJRANG ENG.WORKS,1
BENTLEY MOTORS LIMITED,1
FORCE MOTORS LIMITED,1
KHAN ENGINEERING WORKS,1
KETRON ELECTRIC VEHICLES PVT LTD,1
WUXI NOOMA (IMPORTER: KKL HITECH EV),1
VISHWAS TRAILER WELD WORK,1
PILLING RIG,1
ABIRAMI ENGINEERING WORKS,1
PORSCHE AG,1
KARTAR AGRO ENGINEERS PVT LTD,1
WIRTGEN INDIA PVT LTD,1
KARTAR AGRO INDUSTRIES PVT LTD,1
DALIAN FORKLIFT CO.,1
EAGLE AUTO PEARL PVT,1
SGL INDUSTRIES,1
MUTHUR AGRO ENGINEERING WORKS,1
"M/S PATEL & SONS ENGINEERING WORKS,SAMBALPUR",1
DHARMAND TRAILERS,1
TAMILNADU MOPEDS LTD,1
TELSA INC,1
ANCHI MOTORCYCLE (IMPORTER:HINDUSTAN EV MOTORS),1
ELECTROTECH TRANSMISSION PVT LTD,1
PREMIER LTD,1
PAL DIESAL PVT LTD,1
ARBUDA TRAILER,1
K M MOTORS,1
ASAV AUTOMOTIVE PVT LTD,1
ARIHANT ENTERPRISE,1
BSA MOTORS,1
SAN MOTORS LIMITED,1
NEELAM AGRO EQUIP,1
NEW MARTHWADA QUALITY TRAILOR,1
SAGAS AUTOTIC PVT LTD,1
SAHKAR AGRO IND,1
SAGAR AGRO INDUSTRIES,1
DELHI AUTOMOBILES LTD,1
DEEPTI SMART MOBILITY PVT LTD,1
S.M. LTD.,1
RUDRA AUTO INDUSTRIES,1
RAJA ARTS HITECH ENGINEERING,1
RAAJ AUTOMOTIVE,1
M/S UNITY MOTOR BODY,1
HIND AGRO INDUSTRIES,1
HETTRA HET TRAILER,1
GOLD HOFER,1
GOPAL AGROTECH,1
PUNJAB TRACTORS LIMITED,1
PUSHKAR INDUSTRIES,1
R.N.A.I.P.LTD,1
"M/S SUBHAM ENGINEERING WORKSHOP, BALIAPAL, BALASORE",1
ISUZU MOTOR INDIA PVT LTD,1
SARAVANA TRAILER,1
IDEAL JAWA INDIA PVT LTD,1
INDO FARM EQUIPMENT LIMITED,1
AKSMD RECHARGEABLE VEHICLES PVT LTD,1
AKASH TRAILOR,1
UNITED AUTO TRACTORS LTD,1
AGRASEN ENGINEERING WORKS,1
AJAY ENGINEERING AND AGRICULTURAL EQUIPMENT CO.,1
AMW MOTORS LIMITED,1
AGRO INDUSTRIES,1
AMAR COACH BUILDERS,1
VIBGYOR  VEHICLES LIMITED,1
L & T CASE EQUIPMENT PVT LTD,1
ETHIRAJ AUTO UDYOG PVT LTD,1
EVERVE MOTORS PVT LTD,1
ESSEL ENERGY INFRA PVT LTD,1
ESCORT JCB LTD,1
KRT MOTORS PVT LTD,1
KUBOTA AGRICULTURAL MACHINERY INDIA PVT.LTD.,1
HAMPI TRACTORS,1
GURUKRAPA ENGINEERING WORKS,1
KRISHI ENGINEERING WORKS,1
HARJAS AGRO INDUSTRIES,1
GUJARAT TRACTOR CORP LTD,1
AKASH AGRO INDUSTRIES,1
JAI BHAVANI ENGINEERING  WORKS,1
GILL AGROTECH,1
PRAJAPATI ENG. WORKS,1
VINTAGE VEHICLES,1
VIJAYALAKSHIMI ENGG WORKS,1
DUCATI INDIA PVT LTD,1
DIVYA INDUSTRIES,1
GIRNAR SCOOTERS LTD,1
"DIAMOND ENGG,CTC",1
DILIGENT MOBILITY SERVICE PVT LTD,1
JAI AMBE FABRICATION & ENGINEERING WORK,1
JAYANTI AGRO CENTRES,1
JANANI TRAILERS,1
JAY AMBE AGRICULTURE,1
A. K. AUTTO ELECTRICAL,1
ABHAVIS TECHNOLOGY (I) PVT LTD,1
AASHI INDIA AUTOMOBILES PVT LTD,1
A B EXCAVATORS & EARTHMOVER LTD,1
