Manufacturer,Total_Sales_2015_2024,Market_Share_Percent
OLA ELECTRIC TECHNOLOGIES PVT LTD,588266,13.306467027211408
TVS MOTOR COMPANY LTD,318445,7.20316641192987
ATHER ENERGY PVT LTD,236387,5.347029781019851
HERO ELECTRIC VEHICLES PVT. LTD,201785,4.564339004949894
BAJAJ AUTO LTD,198498,4.489987678987754
OKINAWA AUTOTECH PVT LTD,196182,4.437600191635058
YC ELECTRIC VEHICLE,152951,3.4597230475312393
AMPERE VEHICLES PRIVATE LIMITED,141805,3.207602609693087
SAERA ELECTRIC AUTO PVT LTD,87481,1.9788038778502943
MAHINDRA & MAHINDRA LIMITED,84794,1.9180244398033615
TATA PASSENGER ELECTRIC MOBILITY LTD,74410,1.6831402996175218
DILLI ELECTRIC AUTO PVT LTD,69966,1.5826178497922259
OTHERS,68108,1.5405902368814697
CHAMPION POLY PLAST,53493,1.2100016670802323
TATA MOTORS PASSENGER VEHICLES LTD,52520,1.1879925888444058
MAHINDRA LAST MILE MOBILITY LTD,46534,1.0525903870770292
MINI METRO EV L.L.P,44250,1.0009267337464767
PIAGGIO VEHICLES PVT LTD,43783,0.9903632809858077
GREAVES ELECTRIC MOBILITY PVT LTD,42879,0.96991496986023
UNIQUE INTERNATIONAL,41615,0.9413235259855284
PUR ENERGY PVT LTD,37051,0.8380866985771911
J. S. AUTO (P) LTD,36707,0.8303054828391394
ENERGY ELECTRIC VEHICLES,35821,0.8102643283510178
TERRA MOTORS INDIA PVT LTD,34887,0.7891374228296798
MAHINDRA ELECTRIC MOBILITY LIMITED,34807,0.787327837774319
REVOLT INTELLICORP PVT LTD,33818,0.7649568425274202
THUKRAL ELECTRIC BIKES PVT LTD,32845,0.7429477642915938
KINETIC GREEN ENERGY & POWER SOLUTIONS LTD,32106,0.7262317223426978
HERO MOTOCORP LTD,31489,0.7122752976032272
BEST WAY AGENCIES PVT LTD,30985,0.7008749117544538
VANI ELECTRIC VEHICLES PVT LTD,30809,0.6968938246326599
ALLFINE INDUSTRIES PVT LTD,29243,0.661471197173971
OKAYA EV PVT LTD,29116,0.6585984808985856
HOTAGE INDIA,28893,0.6535542625567672
LECTRIX EV PVT LTD,27821,0.6293058228149317
SKS TRADE INDIA PVT LTD,27494,0.6219091439011443
BGAUSS AUTO PRIVATE LIMITED,24148,0.5462232489606761
MG MOTOR INDIA PVT LTD,23343,0.5280142993411074
KHALSA E-VEHICLES PVT LTD,22263,0.5035849010937358
G.K. RICKSHAW,22111,0.5001466894885502
BENLING INDIA ENERGY AND TECHNOLOGY PVT LTD,21862,0.4945143560037395
TATA MOTORS LTD,20504,0.46379664968898887
M/S SHRIRAM AUTO TECH PVT LTD,15910,0.3598812278848914
SPEEGO VEHICLES CO PVT LTD,15773,0.35678231347758593
VICTORY ELECTRIC INTERNATIONAL,15735,0.3559227605762895
MAA SHAKTI EXIM PVT LTD,15717,0.3555156039388333
JITENDRA NEW EV-TECH PVT. LTD,15543,0.35157975644342343
ATUL AUTO LTD,14988,0.3390257601218575
HOOGHLY MOTORS PVT LTD,14893,0.3368768778686164
OM BALAJEE AUTOMOBILE ( INDIA) PVT. LTD,14595,0.3301361735373972
WARDWIZARD INNOVATIONS & MOBILITY LIMITED,14410,0.32595150809687523
BRIGHT AUTOZONE PVT LTD,13443,0.30407814874020084
DAKSH INDUSTRIES,13176,0.29803865861793394
GRD MOTORS,12499,0.28272504508694263
ZENIAK INNOVATION INDIA LTD,12261,0.27734152954724406
SAHNIANAND E VEHICLES PVT LTD,11995,0.27132465923816923
OMEGA SEIKI PVT LTD,11614,0.2627065104120131
SHRI BARSANA E-VEHICLES PVT LTD,11364,0.2570515571140104
ARROW AUTOMOTIVE,11228,0.25397526251989694
KLB KOMAKI PVT LTD,11168,0.2526180737283763
GOREEN E-MOBILITY PVT LTD,10839,0.24517615518820476
TWO FRIENDS AUTO ELECTRIC CO,10431,0.23594727140586438
N0VA AUTOMOTIVE TECHNOLOGIES PVT. LTD,10355,0.23422816560327153
BOUNCE ELECTRIC 1 PVT LTD,9677,0.21889193225908826
U.P. TELELINKS LIMITED,9309,0.2105678410044283
VIJAYS COOLMAX PRIVATE LIMITED,9279,0.20988924660866795
UNIQUE ENTERPRISES,8834,0.19982342973822315
HERO ELECTRIC VEHICLE PVT LTD,8338,0.18860400239498581
AVL ELECTRIC VEHICLES PVT LTD,8309,0.1879480278124175
DELTA AUTOCORP LLP,8139,0.18410265956977567
NRJ ELECTRIC MOTOR VEHICLES PVT LTD,7948,0.17978227525010163
TOP TEAM MACHINES PVT LTD,7840,0.17733933542536445
SATHI MOTORS ELECTRIC VEHICLE PVT LTD,7641,0.1728379926001543
ZEOPLUS AXIS INDIA PVT. LTD.,7523,0.17016885464349704
SHRIRAJ ELECTRIC VEHICLES,7502,0.1696938385664648
GAYATRI ELECTRIC VEHICLES,6878,0.15557907513465008
ALTIER ELECTRIC VEHICLES PVT LTD,6814,0.15413140709036138
T U K INDUSTRIES,6667,0.1508062945511358
STAR BULL E MOTORS,6664,0.1507384351115598
KAPTECH INDIA PVT LTD,6628,0.1499241218366474
LOHIA AUTO INDUSTRIES,6533,0.14777523958340638
SSB INDISTRIES,6530,0.14770738014383034
PARAS INDUSTRIES,6513,0.14732284331956616
BATTRE ELECTRIC MOBLITY PVT LTD,6491,0.14682520742934194
BHAVE ELECTRIC VEHICLES PVT LTD,6252,0.14141907207645135
AMBIKA INDUSTRIES,6193,0.1400845030981227
MOVE STONE SERVICES PVT LTD,6087,0.1376868028997696
ATUT SANGAM,6067,0.13723440663592937
EULER MOTORS PVT LTD,5732,0.12965676921660577
PUBANG ETRON ELECTRIC MOTOR PVT LTD,5616,0.1270328708863325
QUANTUM ENERGY LTD.,5576,0.12612807835865206
EXIDE INDUSTRIES LTD,5547,0.12547210377608375
REEP INDUSTRIES PVT LTD,5494,0.12427325367690717
NEW ARCANA INDIA,5455,0.12339108096241877
MEW ELECTRICALS LIMITED,5315,0.12022430711553726
KUMAR ENGINEERING,5200,0.11762302859845601
A.V.AUTOMOTIVES PVT LTD,5132,0.11608488130139928
SUPERTECH EV LIMITED,5117,0.11574558410351914
INDIAN MOTORS,5061,0.11447887456476652
SRD RENEWABLES,5045,0.11411695755369435
CHETAK TECHNOLOGY LIMITED,4855,0.1098191930472123
GOPAL AUTO MOTORS PVT LTD,4836,0.10938941659656409
NIC TEST ACCOUNT-1,4792,0.10839414481611562
G & G AUTOMOTIVE,4735,0.107104815464171
BHM INDUSTRIES,4698,0.1062678823760666
MANITA CITY MOTORS LLP,4678,0.1058154861122264
CEEON INDIA,4600,0.10405114068324954
JAJODIA COMMODITIES PVT LTD,4543,0.10276181133130494
ATTOLENT AUTO GROUP PVT LTD,4504,0.10187963861681651
OM RAJ AUTOTECH LLP,4475,0.1012236640342482
DYS IMPEX PRIVATE LIMITED,4458,0.10083912720998403
M/S CHAMPION POLY PLAST,4435,0.10031887150656778
TI CLEAN MOBILITY PVT LTD,4413,0.09982123561634354
TWINKLE TRADCOM PVT LTD,4360,0.09862238551716697
SHIGAN EVOLTZ LTD,4346,0.09830570813247881
ALTIGREEN PROPULSION LABS PVT LTD,4312,0.09753663448395045
GOENKA ELECTRIC MOTOR VEHICLES PVT LTD,4293,0.09710685803330225
Y.C.ELECTRIC VEHICLE,4218,0.09541037204390145
KRISHNA ENGINEERING WORKS,4077,0.09222097838382792
HINDUSTAN MOTOR CORPORATION,4055,0.09172334249360369
HUNDAL INDUSTRIES,3984,0.09011733575697092
M.K. ENTERPRISES,3967,0.08973279893270673
DE EUSI MOTORS PVT LTD.,3909,0.08842084976757011
CONTINENTAL ENGINES PVT LTD,3909,0.08842084976757011
CITYGREEN AUTO & PETRO CHEMICALS (P) LTD,3892,0.08803631294330592
BYD INDIA PRIVATE LIMITED,3868,0.08749343742669766
TRISHIKA INDUSTRIES,3819,0.08638506658028915
DAVE EXIM PVT LTD,3798,0.08591005050325691
BIG BULL TRADER PVT LTD,3729,0.08434928339300818
GKON ELECTRIC MOTOR VEHICLES PVT LTD,3727,0.08430404376662415
E ROYCE MOTORS INDIA PVT LTD,3609,0.08163490580996688
HYUNDAI MOTOR INDIA LTD,3595,0.08131822842527874
KINETIC GREEN ENERGY P SOL LTD,3573,0.08082059253505448
NEEDLE EYE PLASTIC INDUSTRIES PVT LTD,3498,0.07912410654565369
AVON CYCLES LTD,3460,0.07826455364435728
IVOOMI INNOVATION PVT LTD,3449,0.07801573569924515
MINI METRO,3391,0.07670378653410853
GREENWHEELS AUTOMOBILE PVT LTD,3365,0.07611567139111625
ARCHIT ENTERPRISES,3266,0.07387630988510718
DIVYA ENTERPRISES,3242,0.07333343436849891
VRINDA ENTERPRISES,3168,0.07165956819229012
ELITE AUTO ENGINEERS PVT LTD,3153,0.07132027099440996
AMO MOBILITY SOLUTIONS PVT LTD,3151,0.07127503136802595
MAC AUTO INDIA,3087,0.06982736332373725
RUTBA PRODUCT PVT LTD,3072,0.06948806612585709
PARI METRO E RICKSHAW,3068,0.06939758687308906
DUKE AUTO INDIA,3001,0.06788205938922433
RGM BUSINESS PLUS PVT LTD,2970,0.067180845180272
A K GUPTA & CO.,2965,0.06706774611431195
AMPERE VEHICLES PVT LTD,2947,0.06666058947685574
PCA AUTOMOBILES INDIA PVT LTD,2866,0.06482838460830288
ECO SMART VEHICLES PVT LTD,2855,0.06457956666319076
TORK MOTORS PVT LTD,2840,0.06424026946531058
SUPER METRO INDUSTRIES,2837,0.06417241002573457
APSARA ENTERPRISE,2827,0.06394621189381446
KUKU AUTOMOTIVES,2812,0.06360691469593428
UNITED TRANSMOVERS PVT LTD,2791,0.06313189861890207
RAYON ENGINEERS,2782,0.06292832030017396
JS MOBILEON PVT LTD,2729,0.0617294702009974
AAHANA COMMERCE PVT LTD,2684,0.06071157860735692
VENUS AUTO WHEELS PVT LTD,2635,0.059603207760948386
BABA E-VEHICLES,2629,0.05946748888179632
SHAKTI AUTO GREEN,2602,0.058856753925612036
ELECTROTHERM (INDIA) LIMITED,2534,0.05731860662855529
GREEN IMPEX,2520,0.05700192924386714
JITENDRA TEMPO PARTS,2492,0.05636857447449084
JMT VEHICLES PVT LTD,2460,0.055644740452346506
SKYRIDE AUTOMOTIVE,2434,0.055056625309354214
ACCRETION POWER AUTOS,2430,0.05496614605658618
BAJAJ IMPLEMENTS PVT. LTD,2406,0.05442327053997791
VIMAL UNIVERSAL TRADE PVT LTD,2403,0.05435541110040188
SHRI NAMO ELECTRIC AUTOMOTIVE,2326,0.05261368548461706
TUFAN MOTORS PVT LTD,2321,0.052500586418657
SETH INDUSTRIAL CORPORATION,2312,0.052297008099928904
ENTICE IMPEX PVT LTD,2259,0.05109815800075233
APM AUTO SALES,2257,0.05105291837436832
ELECTROTHERM (I) LIMITED,2240,0.050668381550104134
ARNA ELECTRIC AUTO PVT LTD,2236,0.05057790229733609
SUPERECO AUTOMOTIVE CO,2202,0.04980882864880772
PARI E-VEHICLES,2161,0.048881416307935285
PLAUDIT TECHNO INDIA PVT LTD,2151,0.04865521817601517
BMW INDIA PVT LTD,2069,0.04680039349427029
BATTERY RICKSHAW SANGH,2021,0.04571464246105377
GREEN TECHNOLOGIES,1982,0.04483246974656535
BALI AUTO INDUSTRIES,1948,0.044063396098036986
LAWAT MOTORS LLP,1919,0.04340742151546867
SHIV OM INDIA,1904,0.04306812431758851
JAIDKA POWER SYSTEMS PVT LTD,1861,0.04209547235033205
ADIDEV TECHNOA PVT LTD,1840,0.04162045627329982
FEDE INDUSTRIES PVT LTD,1791,0.040512085426891296
EXTRA FAST SOLUTIONS,1755,0.03969777215197891
BAXY LTD,1752,0.03962991271240287
ECO FUEL SYSTEMS (I) PVT LTD,1750,0.03958467308601885
HIM TEKNOFORGE LTD,1745,0.0394715740200588
SSEV ENTERPRISES PRIVATE LIMITED,1727,0.039064417382602606
CHAUHAN AUTO INDUSTRIES,1699,0.038431062613226305
HOVEL CYLINDER PVT LTD,1696,0.03836320317365027
ZENTHIUM EV PVT LTD,1671,0.03779770784385
AADHYA ENTERPRISES,1649,0.037300071953625766
AUTOHAUS PRIVATE LIMITED,1575,0.035626205777416965
ATTOLENT AUTOGROUP PVT LTD,1569,0.0354904868982649
SHEMA E- VEHCILE & SOLAR PVT LTD,1568,0.03546786708507289
MAHTAB BODY MAKER,1561,0.035309528392728814
HI-TECH INDUSTRIES,1559,0.03526428876634479
NHD MOTORS,1547,0.034992851008040664
SAMRAT ELECTRIC VEHICLE,1546,0.034970231194848655
RCJ AUTO FORGE PVT LTD,1475,0.03336422445821589
NIPUN SANYANTRA PVT LTD,1465,0.03313802632629578
ELTHOR ENERGY PRIVATE LIMITED,1449,0.03277610931522361
HOP MOTORS PVT LTD,1446,0.03270824987564758
KIRTI SOLAR LTD,1427,0.03227847342499937
JIANGSU ZHEENAIDA (IMPORTER: KLB GLOBAL),1416,0.03202965547988726
AUTOLITE (INDIA) LIMITED,1379,0.031192722391782855
SUMFONL AUTO TRADERS PVT LTD,1370,0.030989144073054756
LOHIA AUTO INDUSTRIES LTD.,1368,0.03094390444667074
R3 ENTERPRISES,1349,0.030514127996022534
CHEHAK BATTERIES,1294,0.029270038270461943
E-MOTION AUTOMOTIVE INDUSTRY LLP,1292,0.02922479864407792
ADITYA SAI INDUSTRIES,1290,0.029179559017693896
OK PLAY INDIA LTD,1289,0.029156939204501884
JAISIK BUSINESS LINKS PVT LTD,1287,0.029111699578117867
SAKSHAM TRADING COMPANY,1280,0.028953360885773792
JIJO ELECTRIC WHEELS PVT LTD,1240,0.028048568358093356
BENTINCK INDUSTRIES PVT. LTD.,1236,0.027958089105325313
RIVER MOBILITY PVT LTD,1226,0.027731890973405206
SONI E VEHICLE PVT LTD,1225,0.027709271160213197
RSD SECURITY SOLUTIONS PVT LTD,1195,0.027030676764452873
SHALYA AUTO SALES PVT LTD,1190,0.026917577698492817
STAR IGLOBAL AUTOMOTIVE PVT LTD,1189,0.02689495788530081
AKG INTERNATIONAL,1186,0.026827098445724774
KABMAX ELECTRIC AUTOMOBILES PVT. LTD,1183,0.026759239006148742
DIAMOND E VEHICLES,1179,0.0266687597533807
RANA ENGINEER WORKS,1179,0.0266687597533807
CHANDANA CORPORATION,1166,0.02637470218188456
MANIRAM ELECTRIC VEHICLE PVT LTD,1152,0.02605802479719641
JESSUN TECHNO PVT LTD,1127,0.025492529467396143
AUTOECO GREEN ENERGY PVT LTD,1123,0.0254020502146281
ASHMA-MOTORS PVT LTD,1122,0.025379430401436087
DD AUTO PVT LTD,1114,0.0251984718959
3EV INDUSTRIES PVT LTD,1098,0.02483655488482783
FIRST CHOICE ELECTRIC VEHICLES PVT LTD,1095,0.024768695445251794
3S INDUSTRIES PRIVATE LIMITED,1073,0.02427105955502756
PRIDE E-MOTORS,1057,0.023909142543955385
ANKUSH AUTO DEALS,1048,0.02370556422522729
SIWACH STEEL PVT LTD,1047,0.02368294441203528
BOOMA INNOVATIVE TRANSPORT SULUTIONS PVT LTD,1017,0.023004350016274953
KGN,1016,0.022981730203082945
PYTHOX MOTORS PVT LTD,1007,0.02277815188435485
KGN INDUSTRIES,999,0.022597193378818763
GURUKIRPA INDUSTRIES,988,0.022348375433706644
NDS ECO MOTORS PVT LTD,975,0.0220543178622105
SUPREME SMART POWER PVT LTD,961,0.02173764047752235
NUMEROS MOTORS PVT LTD,958,0.02166978103794632
KINETIC MOTOR COMPANY LIMITED,944,0.021353103653258168
MALI ENTERPRISES PVT LTD,938,0.021217384774106104
RIBAND ELECTRIC PVT LTD,937,0.021194764960914093
VOLVO AUTO INDIA PVT LTD,922,0.020855467763033934
SPEEGO VEHICLES PVT. LTD,922,0.020855467763033934
K T ENTERPRISES,922,0.020855467763033934
S.V AUTOMOTIVE,913,0.020651889444305835
OM BALAJI AUTOMOBILES I P LTD,912,0.020629269631113823
KETO MOTORS PVT LTD,909,0.02056141019153779
KRISHNA VEHICALS,905,0.02047093093876975
UNIQUE AUTO ELECTRIC,900,0.020357831872809696
ROARLEO MOTOR PVT LTD,896,0.020267352620041652
GAGAN AUTOMOTIVES,891,0.020154253554081597
AMAN ELECTRIC VEHICLES,889,0.020109013927697577
TAURUS ELECTRIC VEHICLES,885,0.020018534674929533
EXTREME MOTORS,872,0.019724477103433394
KALPVRIKSH ELECTOMOBILES CO,863,0.019520898784705296
OM INDUSTRIES,860,0.019453039345129264
HARSH TRADING CO,858,0.019407799718745244
APARNA INDUSTRIES,857,0.019385179905553232
ENGTIAN ELECTRIC BIKE PVT LTD,850,0.019226841213209157
BESTWAY AGENCIES PVT LTD,841,0.01902326289448106
MANISH EV INTERNATIONAL PRIVATE LIMITED,829,0.01875182513617693
OGATA MOTORS INDIA PVT LTD,826,0.018683965696600895
EVTRIC MOTORS PVT LTD,825,0.018661345883408887
KIA INDIA PRIVATE LIMITED,825,0.018661345883408887
KALINGA VENTURES INDIA PVT LTD,817,0.0184803873778728
REPUBLIC MOTORS,794,0.017960131674456554
EFEV CHARGING SOLUTION PVT LTD,778,0.01759821466338438
KYTE ENERGY PVT. LTD.,776,0.01755297503700036
EVEX AUTO INDIA PVT LTD,768,0.017372016531464272
UMA MOTORS,761,0.017213677839120197
DIVANSU AUTOMOBILES LTD,752,0.017010099520392098
CART INDIA,738,0.01669342213570395
MERCEDES -BENZ AG,734,0.016602942882935907
EPOWER VEHICLES PVT LTD,727,0.016444604190591832
URWASHI ENTERPRISES,719,0.016263645685055745
SHREE MARUTI NANDAN BUSINESSS (P) LTD,719,0.016263645685055745
RAMON INDUSTRIES,718,0.016241025871863733
V.T. ENGINEERING,714,0.016150546619095693
WUXI SAIGE (IMPORTER: WARIVO MOTOR),709,0.016037447553135638
SN SOLAR ENERGY,708,0.01601482773994363
B24 ROKET EV,691,0.015630290915679444
S AND J INDUSTRIES,689,0.015585051289295423
SINGH AUTOMOBILES,681,0.015404092783759336
AADITYA EMOTORS INDIA PVT LTD,669,0.015132655025455207
SHRI RAM AUTO TECH PVT LTD,664,0.015019555959495154
PACE AGRO PRIVATE LIMITED,663,0.014996936146303142
TSM ENGINEERING PVT LTD,655,0.014815977640767055
ODYSSE ELECTRIC VEHICLES PVT LTD,647,0.014635019135230971
KHEMRAJ AUTOMOTIVE INDUSTRIES,645,0.014589779508846948
REFLEX CONTROL SYSTEM PVT .LTD,644,0.014567159695654938
VIJAYSHREE AUTOCOM LIMITED,638,0.014431440816502872
SIMPLEENERGY PVT LTD,633,0.014318341750542819
VIJAYA ELECTRIC AUTO PVT LTD,622,0.014069523805430702
PARVEEN AUTO,619,0.014001664365854668
GODAWARI ELECTRIC MOTORS PVT LTD,612,0.013843325673510591
RAHUL AGRO EXPORTS PVT LTD,605,0.013684986981166516
ARMAN GREEN VEHICLES PVT LTD,599,0.013549268102014452
ANJALI TRADERS,597,0.013504028475630432
DASHMESH TRADERS,597,0.013504028475630432
DHAR INTERNATIONAL,596,0.01348140866243842
OMEGA SALES & AGRO INDUSTRIES,588,0.013300450156902333
BAL GOPAL WHEELS PVT LTD,588,0.013300450156902333
A P I MOTORS PVT LTD,582,0.01316473127775027
SAKSHAM TECH AUTOMOBILES,579,0.013096871838174238
HYKON INDIA LTD,573,0.012961152959022174
RASANDIK ENGINEERING INDUSTRIES INDIA LTD,569,0.012870673706254129
GREEN STAR MOTORS,569,0.012870673706254129
LAKSHYA AUTO SALES CORPORATION,564,0.012757574640294075
M/S HOVEL CYLINDER PVT LTD,561,0.012689715200718044
WUXI TENGHUI (IMPORTER: HOP ELECTRIC MOBILITY),557,0.01259923594795
V.V.A.AUTO INDUSTRIES PVT.LTD,556,0.012576616134757988
E-ASHWA AUTOMOTIVE PVT LTD,555,0.01255399632156598
G.K E-VEHICLS INDUSTRIES PVT LTD,553,0.012508756695181958
INDIA SAFE ENTERPRISE,533,0.012056360431341742
ROWWET MOBILITY PVT LTD,532,0.012033740618149732
SINGHAL ENTERPRISES,518,0.01171706323346158
GREEN KAIKETSU AUTOMOTIVE INDIA PVT LTD,515,0.011649203793885548
KHALSA  AGRO INDUSTRIES,502,0.011355146222389407
OZOTEC AUTOMOBILE PRIVATE LIMITED,500,0.011309906596005385
JIANGSU AIMA (IMPORTER: QUANTUM ENERGY),498,0.011264666969621365
MOTRAC MOTORS PVT LTD,494,0.011174187716853322
NIRMAL UTILITY SERVICES PVT LTD,485,0.010970609398125225
NEXZU MOBILITY PVT LTD,483,0.010925369771741203
ECO-FRIENDLY ELECTRIC VEHICLE PVT LTD,483,0.010925369771741203
ELECTRECA VEHICLES,479,0.01083489051897316
RAVI METAL WORKS,472,0.010676551826629084
JAYDEV ENTERPRISE,469,0.010608692387053052
WUXI TENGHUI (IMPORTER: SEEKA E MOTORS),460,0.010405114068324955
DAO EVTECH PRIVATE LIMITED,457,0.010337254628748923
VEECTERO E VEHICLES LLP,455,0.010292015002364902
SHINE METAL UDYOG PVT LTD (UNIT- II),454,0.01026939518917289
YOUYAKU ELECTRIC (IMPORTER:IME VEHICLES PVT LTD),450,0.010178915936404848
LOTEY AGRO INDUSTRY,448,0.010133676310020826
SONI E VEHICLES PVT LTD,447,0.010111056496828814
E-SPRINTO GREEN ENERGY PVT LTD,447,0.010111056496828814
JAIN POWER CORP,446,0.010088436683636804
GREEN VALLEY MOTORS,437,0.009884858364908707
SYNDICATE AUTO COMPONENTS,437,0.009884858364908707
ATUL GREENTECH PRIVATE LIMITED,435,0.009839618738524685
RAJESH STEEL AND WIRE INDUSTRIES,431,0.009749139485756644
AMBIKA ENTERPRISES,430,0.009726519672564632
XXPLORE AUTOMOTIVE PVT. LIMITED,427,0.0096586602329886
JADE KOREA SPINE LIFE,420,0.009500321540644525
NISSAN MOTOR INDIA PVT LTD,420,0.009500321540644525
WUXI TOURWE (IMPORTER: GOREEN E-MOBILITY),418,0.009455081914260503
LORDS VEHICLE MFG PVT LTD,418,0.009455081914260503
UMA  AUTO INDUSTRIES PVT. LTD,417,0.009432462101068491
JUNO CASTINGS PVT LTD,412,0.00931936303510844
MAA KALPANA ENTERPRISE,411,0.009296743221916428
SUDHRAJ ELECTRIC MOBILITY PVT. LTD.,409,0.009251503595532406
HONDA MOTORCYCLE AND SCOOTER INDIA (P) LTD,405,0.009161024342764362
AUDI AG,402,0.00909316490318833
MERCEDES-BENZ INDIA PVT LTD,399,0.009025305463612299
EVCO AUTOMOBILES PVT LTD,398,0.009002685650420287
M K ENTERPRISES,396,0.008957446024036265
CAPARO AUTOTECH LIMITED,394,0.008912206397652245
U P TELELINKS LTD,390,0.008821727144884202
GODAWARI TECHNO SOLUTIONS PVT LTD,389,0.00879910733169219
M G INDUSTRIES,385,0.008708628078924148
HUNDA EV PVT LTD,380,0.008595529012964093
VISHWAKARMA GNG INDUSTRY,378,0.008550289386580073
ENGINIA VEHICLES PVT LTD,377,0.00852766957338806
BALAN ENGINEERING PVT LTD,376,0.008505049760196049
HOP ELECTRIC MOBILITY PVT LTD,374,0.008459810133812029
CLH GASEOUS FUEL APPL PVT LTD,373,0.008437190320620017
AFTEK MOTORS INDIA PVT LTD,367,0.008301471441467954
NISIKI TECHNOLOGIES PVT LTD,366,0.008278851628275944
SOKUDO ELECTRIC INDIA PVT LTD,364,0.00823361200189192
HITEK ELECTRIC AUTO CO,364,0.00823361200189192
PRAG MOTORS,364,0.00823361200189192
ADRIS ELECTRIC PVT LTD,360,0.008143132749123878
WELKIN HEALTHCARE PVT LTD,355,0.008030033683163823
JUNENG MOTORCYCLE (IMPORTER: ISCOOT MOTERS),351,0.007939554430395781
KCAS ELECTRIC VEHICLES PVT LTD,349,0.00789431480401176
AMAN AUTOMOBILES,348,0.00787169499081975
ETRIO AUTOMOBILES PVT LTD,345,0.007803835551243717
ASHA IMPEX,343,0.007758595924859695
HONDA CARS INDIA LTD,343,0.007758595924859695
WUXI JIYAYI (IMPORTER: IZANAU ELECTRIC LLP),341,0.007713356298475673
E-GURU AUTO ENERGY,339,0.007668116672091652
RAJ AUTOMOTIVE,339,0.007668116672091652
S S GLOBAL,334,0.007555017606131598
A3T INCORPORTED,333,0.007532397792939587
DELTEK ENTERPRISES PVT LTD,332,0.007509777979747577
AJAY MOTORS PRIVATE LIMITED,332,0.007509777979747577
FIVE ELEMENTS,331,0.007487158166555565
VISHAL ENTERPRISES,330,0.007464538353363554
PORFITEL TECHNOLOGY (IMPORTER: AERORIDE),326,0.0073740591005955125
ULTRAVIOLETTE AUTOMOTIVE PVT LTD,325,0.007351439287403501
MARUTHISAN PVT LTD,321,0.007260960034635457
GURU JI WHEELS,320,0.007238340221443448
NIKHIL FURNITURES,320,0.007238340221443448
POOSHPAK AUTOMOBILES PVT LTD,317,0.007170480781867415
J S MOBILEON PVT LTD,314,0.007102621342291383
SUNULTRA POWER SOLUTIONS PVT LTD,313,0.007080001529099372
GOENKA ELECTRIC MOTOR VEH P L,312,0.007057381715907361
NAMAH INDUSTRIES PVT LTD,306,0.0069216628367552956
KABIRA MOBILITY LLP,304,0.006876423210371275
KERALA AUTOMOBILES LIMITED,302,0.006831183583987254
WUXI SAIGE ELECTRIC (IMPORTER: DELTA AUTOCORP LLP),295,0.006672844891643178
SEN AND PANDIT VOLTAGE CONTROL PVT LTD,291,0.006582365638875135
CHINA HAOCHEN (IMPORTER: ADMS MARKETING),289,0.006537126012491113
MOHAN GENERAL TRADING COMPANY,289,0.006537126012491113
DSF INDUSTRIES PVT LTD,289,0.006537126012491113
MLR AUTO LTD,289,0.006537126012491113
DEV MOTORS,287,0.006491886386107091
GRAM TARANG EMPLOYABILITY TRAINNING SERVICES P LTD,284,0.006424026946531059
GREEN EVOLVE PVT LTD,283,0.006401407133339049
SHINME ELECTRICAL VEHICLE PVT LTD,283,0.006401407133339049
SGLLINE MOTORS PVT LTD,282,0.006378787320147038
MECPOWER MOBILITY PVT. LTD.,282,0.006378787320147038
ADM TECHNOLOGIES PVT. LTD.,280,0.006333547693763017
GREEN KAIKETSU AUTOMATIVE IND,277,0.006265688254186984
PRAKASH ENTERPRISES,275,0.006220448627802962
KAMAZ INDUSTRIES,275,0.006220448627802962
PRAAKARM AUTO & CONSTRUCTION EQUIPMENTS,274,0.006197828814610952
JAI SRI RAM ELECTRIC VEHICLE MANUFACTURING PVT LTD,273,0.0061752090014189406
J P AUTO TECH,273,0.0061752090014189406
INS AUTOMOBILES PVT LTD,272,0.00615258918822693
AYAAN ELECTRONIC PVT LTD,271,0.00612996937503492
OBEN ELECTRIC VEHICLES PVT LTD,267,0.006039490122266876
NABH MOTORS PVT LTD,265,0.005994250495882854
HONGKONG YIXING (IMPORTER: ADMS MARKETING),261,0.005903771243114812
SHRI BALAJI ENTERPRISES,260,0.005881151429922801
SMART ELECTRO MOTORS,260,0.005881151429922801
KUMARAN ENGINEERING ENTERPRISES,259,0.00585853161673079
YAARI AUTOMOBILES PVT LTD,258,0.00583591180353878
MANMOHAN KAUR,253,0.005722812737578725
OMJAY EV LIMITED,252,0.0057001929243867145
ROYCE EV PVT LTD,246,0.00556447404523465
MONDAL TRADING,246,0.00556447404523465
IRA EDUTECH PVT LTD,239,0.005406135352890575
EDMRC MANNSCHAFT LLP,239,0.005406135352890575
M2J E VAHAN PVT LTD,234,0.00529303628693052
TEJASGREEN AUTOMOTIVE PVT LTD,231,0.0052251768473544884
WUXI TENGHUI (IMPORTER: FLYCON MOTORS),229,0.005179937220970467
THE COMMERCIAL MOTORS LIMITED,226,0.005112077781394435
EXERVAL PVT LTD,223,0.005044218341818402
SIRF INDIA VEHICLES PVT LTD,222,0.005021598528626391
MAHI ENTERPRISES,217,0.004908499462666338
DYNAVOLT TECHNOLOGY INDIA LTD,215,0.004863259836282316
ZAP (HK) (IMPORTER: IZANAU ELECTRIC),211,0.004772780583514272
PATS MOTOR CORP,210,0.004750160770322262
ZOHAN TRADERS AND BIG METRO,210,0.004750160770322262
PORSCHE AG GERMANY,210,0.004750160770322262
MOMU AUTOMOTIVE,210,0.004750160770322262
HAARISH AUTOMOTIVES (OPC) PRIVATE LIMITED,210,0.004750160770322262
SARAVANA ENGINEERING WORKS,208,0.004704921143938241
BIJNOR ENTERPRISES,208,0.004704921143938241
SUN INDUSTRIES,207,0.00468230133074623
GALVANIC AUTO PVT LTD,207,0.00468230133074623
ALTIUS TECHNOLOGIES,206,0.00465968151755422
TRINITY ELECTRIC VEHICLES PVT LTD,201,0.004546582451594165
PANTHER ELECTRIC VEHICLES,201,0.004546582451594165
BHADAURIA ENTERPRISES,200,0.004523962638402154
SAINIK CYCLE MART,196,0.004433483385634112
ECO DYNAAMIC EQUIPMENTS,195,0.004410863572442101
LIONIZE AUTOMOBILE PVT LTD,194,0.00438824375925009
YOUYAKU ELECTRIC (IMPORTER: HOUSTAN INNOVATION),191,0.004320384319674058
SPEEDWAYS ELECTRIC,190,0.004297764506482046
ALLENTTI MOTORS PVT LTD,190,0.004297764506482046
GOODENERGY INDIA PVT LTD,188,0.0042525248800980246
A K AUTTO ELECTRICAL,182,0.00411680600094596
YOUYAKU ELECTRIC (IMPORTER: SASDAL ENTERPRISES),181,0.00409418618775395
GREEN WHEELZ (INDIA),180,0.004071566374561939
CYRUS AUTO INDUSTRIES PVT LTD,180,0.004071566374561939
INVVIGORS INDIA,178,0.004026326748177917
DIVANSHU AUTOMOBILES LIMITED,176,0.003981087121793896
CHARUVIKRAM AUTOMOBILE PVT LTD,174,0.003935847495409875
VICTORIA E VEHICLES PVT. LTD,173,0.003913227682217864
GREENFIT INDUSTRIES LLP,172,0.003890607869025853
ELEPHANTA INDUSTRIES PVT LTD,172,0.003890607869025853
KALIKA VAHAN PVT LTD,170,0.003845368242641831
ARD EXIM,170,0.003845368242641831
GOODWILL HI PRECISION WORKS PVT LTD,169,0.0038227484294498207
FIADO INDUSTRIES PVT LTD,169,0.0038227484294498207
KIRAN AUTOMOBILE INDUSTRY,168,0.0038001286162578102
WHITE CARBON MOTORS PVT LTD,165,0.003732269176681777
A.R. MOTOR,164,0.0037096493634897667
C M OVERSEAS,164,0.0037096493634897667
GAURA ELECTRIC VEHICLES PVT LTD,163,0.0036870295502977562
RICHFORD ALLIANZ PVT LTD,162,0.003664409737105745
GREEN SHUTTLE TECHNOLOGY PVT LTD,162,0.003664409737105745
SRIVARU MOTORS PVT LTD,161,0.0036417899239137345
HERCULES CRANE PVT.LTD.,161,0.0036417899239137345
TRUPART AUTOMOTIVE INDIA PVT LTD,157,0.0035513106711456913
YANGGUANG LINGMU (IMPORTER: FLYCON MOTORS),157,0.0035513106711456913
SETHJI INDUSTRIES,154,0.003483451231569659
ELECTRA INTERNATIONAL,154,0.003483451231569659
JAY ACE TECHNOLOGIES LTD,153,0.0034608314183776478
D S INDUSTRIES,151,0.003415591791993627
KRISHNA INDUSTRIES,151,0.003415591791993627
CITADEL ENTERPRISES(OPC) PVT LTD,150,0.0033929719788016155
TSR TRADE COM,148,0.0033477323524175946
VINCI INDUSTRIAL CORPORATION,147,0.0033251125392255833
PANSEN ENGINEERING INDIA PVT LTD,145,0.0032798729128415615
SKYY RIDER ELECTRIC PRIVATE LIMITED,144,0.003257253099649551
VAHAK FUTURE SOLUTIONS LLP,141,0.003189393660073519
RP MOTORS,139,0.003144154033689497
JIANGSU XINRI E-VEHICLE(IMPORTER SWIFT CUR.TECH.),139,0.003144154033689497
PRIYAM INDUSTRIES AND ENGINEERING PVT LTD,139,0.003144154033689497
ANJALI AUTO COMPONENTS,138,0.0031215342204974866
DYS IMPEX PVT LTD,138,0.0031215342204974866
MOTOR & GENERAL SALES PVT LTD,137,0.003098914407305476
VICTOR AGRO INDUSTRIES,137,0.003098914407305476
SEALION AUTOMOBILE PVT LTD,134,0.0030310549677294435
GOGORO INDIA PVT LTD,133,0.003008435154537433
MIRAKLE 5 AUTOMOBILES PVT LTD,132,0.002985815341345422
SHAILENDRA AUTOS PVT LTD,131,0.0029631955281534113
ZESAR MOTORS PVT LTD,130,0.0029405757149614004
JAGUAR LAND ROVER INDIA LIMITED,129,0.00291795590176939
RAJIV RAJ VEHICLES PVT LTD,127,0.002872716275385368
ATUMOBILE PVT LTD,127,0.002872716275385368
LUCKY INDUSTRIES,126,0.0028500964621933573
NGAGE WHEEL PVT LTD,124,0.0028048568358093355
K. V. INDUSTRIES,124,0.0028048568358093355
SUNANDA GREENTECH PVT LTD,123,0.002782237022617325
XXPLORE AUTOMATIVE PVT LTD,122,0.002759617209425314
BLIX CYCLES AND E-VEHICLES PVT LTD,122,0.002759617209425314
KPT MOTORS,122,0.002759617209425314
G WILLIAMS FABRICATIONS LTD,120,0.002714377583041293
SIX SENSES AUTOMOTIVE PVT LTD,120,0.002714377583041293
RASIWASIA RASAYAN PVT LTD,120,0.002714377583041293
TUNWAL E MOTORS PVT LTD,119,0.002691757769849282
CELLETRON MOTOR WORKS,119,0.002691757769849282
ALTIUS EV TECH PVT LTD,118,0.002669137956657271
GREENETICS INDUSTRIES PVT LTD,117,0.00264651814346526
INDIA YAMAHA MOTOR PVT LTD,116,0.0026238983302732497
VISHALA E-VEHICLES INDUSTRIES PRIVATE LIMITED,115,0.0026012785170812388
YUVRAJ INTERNATIONAL,115,0.0026012785170812388
SPEED AUTO TECH,115,0.0026012785170812388
WASAN E-MOBILITY SOLUTIONS PVT LTD,113,0.0025560388906972174
PRAJJWAL MAHAJAN TRADERS,112,0.0025334190775052065
PRAGYA AUTOMOBILE PVT LTD,112,0.0025334190775052065
S B TRADERS,112,0.0025334190775052065
RDS INDUSTRIES,110,0.002488179451121185
JAYEM AUTOMOTIVES PVT LTD,110,0.002488179451121185
WOX COOLERS PVT LTD,109,0.0024655596379291743
SBTEK E MOTO PVT LTD,109,0.0024655596379291743
QICHENG VEHICLE (IMPORTER: AUTOICARE INNOVATION),109,0.0024655596379291743
SUPER POWER MOTORS,109,0.0024655596379291743
HERO ECO VEHICLES PVT LTD,108,0.0024429398247371634
EVAGE AUTOMOTIVE PVT LTD,107,0.002420320011545153
VVA AUTO INDUSTRIES PVT LTD,107,0.002420320011545153
XPLORE AUTOMOTIVE PVT LTD,107,0.002420320011545153
ERISHA E MOBILITY PVT LTD,105,0.002375080385161131
TYST DRIVE INDIA PVT LTD,104,0.0023524605719691203
YOUYAKU ELECTRIC (IMPORTER:NEWTRON ELECTRIC),103,0.00232984075877711
MALAK TECHNO PVT LTD,102,0.002307220945585099
HITECH INDUSTRIES,102,0.002307220945585099
SVS ENTERPRISES,101,0.002284601132393088
PRESTANTIA CREATIONS PVT LTD,101,0.002284601132393088
GAYAM MOTOR WORKS PRIVATE LIMITED,101,0.002284601132393088
ANCHI MOTORCYCLE (IMPORTER: YED ELECTRIC),100,0.002261981319201077
DEVAM ELECTRIC VEHICLES PVT LTD,99,0.0022393615060090663
NEUON MOTORS LLP,99,0.0022393615060090663
JUNENG MOTORCYCLE (IMPORTER: ADMS MARKETING),98,0.002216741692817056
ROYAL-ENFIELD (UNIT OF EICHER LTD),98,0.002216741692817056
DEEP DRAWN TECHNOLOGIES,98,0.002216741692817056
SHREYA ENGINEERS,97,0.002194121879625045
IZANAU ELECTRIC LLP,96,0.002171502066433034
U V MOTORS INDIA PVT LTD,95,0.002148882253241023
TOYOTA KIRLOSKAR MOTOR PVT LTD,94,0.0021262624400490123
MICROCON I2I PVT LTD,94,0.0021262624400490123
WUXI SAIGE (IMPORTER: DM GREEN ENERGY),93,0.002103642626857002
ALBEDO VISION PVT LTD,93,0.002103642626857002
PAARTH SARTHI AUTOMOTIVE ENGINEERS PVT LTD,93,0.002103642626857002
KAKKAR ELECTRIC AUTO PVT LTD,93,0.002103642626857002
BAJAJ IMPLEMENTS PVT LTD,91,0.00205840300047298
RACCOON MOTORS PVT LTD,89,0.0020131633740889587
VGLAN BUILDCON PRIVATE LIMITED,89,0.0020131633740889587
AVON CYCLE LTD INDIA,89,0.0020131633740889587
CREATIVE ENGINEERINGS,88,0.001990543560896948
MALHOTRA  VEHICLE MANUFACTURING PVT LTD,88,0.001990543560896948
LAXMI E-RICKSHAW COMPANY,87,0.0019679237477049374
RIYA ENTERPRISE,85,0.0019226841213209156
SWITCH MOBILITY AUTOMOTIVE LTD,85,0.0019226841213209156
GREENTECH AUTO LLP,83,0.0018774444949368942
SHREE SIRIDI SAI MINERAL & EXPORTS PVT. LTD,83,0.0018774444949368942
DHRITI ENTERPRISES,81,0.0018322048685528725
KANIFA AUTOMOTIVE PVT LTD,81,0.0018322048685528725
PURVA UDYOG PVT LTD,80,0.001809585055360862
TARA MAA MACHINERY,80,0.001809585055360862
SF2 E VEHICLE PVT LTD,79,0.0017869652421688511
HERO HONDA MOTORS  LTD,79,0.0017869652421688511
ANCHI MOTORCYCLE  (IMPORTER: ECOTRINITY AUTOMOBILE,79,0.0017869652421688511
ISUKII GREENS PVT LTD,79,0.0017869652421688511
BAGHWAN RIKSHAW UDYOG,78,0.0017643454289768402
FSTMOTO (IMPORTER: AUTOICARE INNOVATION),78,0.0017643454289768402
SANCHAL AUTOMOBILES PVT LTD,78,0.0017643454289768402
PASHUPATI VEHICLES PVT LTD,77,0.0017417256157848296
VOLMAC ENGINEERING PVT LTD,77,0.0017417256157848296
YC ELECTRIC VEHICLE PVT LTD,77,0.0017417256157848296
HANUMAN UDYOG,76,0.0017191058025928187
NB TURNED  COMPONENTS PVT LTD,76,0.0017191058025928187
PACE AGRO PVT LTD,76,0.0017191058025928187
ZHEJIANG LUYUAN (IMPORTER: DYNAM EV TECH),75,0.0016964859894008078
SUZUKI MOTORCYCLE INDIA PVT LTD,74,0.0016738661762087973
HITECH  MECHANICAL WORKS,73,0.0016512463630167864
LML LIMITED,73,0.0016512463630167864
SHIV ENTERPRISES,72,0.0016286265498247755
HOUSTAN INNOVATION LLP,72,0.0016286265498247755
BESTWAY BANARASH,72,0.0016286265498247755
CAPARO AUTOTECH LTD,71,0.0016060067366327647
NEELAM CYCLE,71,0.0016060067366327647
GOGORO (IMPORTER: GOGORO INDIA PRIVATE LTD),71,0.0016060067366327647
OLYMPUS INDUSTRIES PVT LTD,70,0.0015833869234407542
ZHEJIANG TIANYING  (IMPORTER: NEWTRON ELECTRIC),70,0.0015833869234407542
ZERO 21 RENEWABLE ENERGY SOLUTIONS PVT LTD,69,0.0015607671102487433
ROANSOME MOTORS,69,0.0015607671102487433
SWASTIK,68,0.0015381472970567324
GREEN TACK EMPALA ELECTRIC MOTOR COMPANY,68,0.0015381472970567324
NEW CHAWLA INDUSTRIES,67,0.0015155274838647217
SUNARIYA MOTORS PVT LTD,67,0.0015155274838647217
WUXI MAYA (IMPORTER: DYNAMO ELECTRIC P. LTD.),67,0.0015155274838647217
OM PACKAGING,67,0.0015155274838647217
A.J ENTERPRISES,66,0.001492907670672711
SHIVA ENTERPRISES,65,0.0014702878574807002
EVBHARAT RANGE PRIVATE LIMITED,64,0.0014476680442886895
EEVEE ENGINEERING PVT LTD,64,0.0014476680442886895
MARKUS,64,0.0014476680442886895
VE COMMERCIAL VEHICLES LTD,64,0.0014476680442886895
KAINING (HONGKONG) (IMPORTER: ENIGMA AUTOMOBILES),63,0.0014250482310966786
M2GO ELECTRIC VEHICLE PVT LTD,63,0.0014250482310966786
LAWAT MOTORS,63,0.0014250482310966786
WUXI SAIGE ELECTRIC (IMPORTER: GLORIOUS DIGITAL),63,0.0014250482310966786
AADITYA GARBAGE PRODUCTS PVT LTD,62,0.0014024284179046677
SIARSA ELECTRICALS PVT LTD,62,0.0014024284179046677
NARAINDASS AND SONS,62,0.0014024284179046677
GOOD ENERGY INDIA,61,0.001379808604712657
JIANGSU DALONG (IMPORTER:TYLOS ELECTRIC VEHICLES),60,0.0013571887915206464
ABZO MOTORS PVT LTD,60,0.0013571887915206464
HAITEK AUTOMOTIVE PVT LTD,60,0.0013571887915206464
PUNJAB BODY BUILDERS,59,0.0013345689783286355
NIBE MOTORS PVT LTD,58,0.0013119491651366248
YOUYAKU ELECTRIC (IMPORTER:ONZO EV),57,0.001289329351944614
KRANTI AUTOMOBILES LTD,57,0.001289329351944614
M/S VISHNU CLEAN ENERGY VEHICLES LLP,56,0.0012667095387526033
SUPERECO AUTOMOTIVE CO LLP,56,0.0012667095387526033
DHAR IN PVT LTD,55,0.0012440897255605926
ZHONGHUALONG (IMPORTER: POWORO PVT LTD),54,0.0012214699123685817
SUCCESSPATH MARKETING PVT LTD,53,0.001198850099176571
YANGGUANG LINGMU (IMPORTER: REMARK ELECTRIC),53,0.001198850099176571
VSL INDUSTRIES,52,0.0011762302859845601
NAND ELECTRIC MOTOR VEHICLE PVT LTD,52,0.0011762302859845601
TWASHTRE AUTOMOTIVE PVT LTD,52,0.0011762302859845601
JUNENG MOTORCYCLE (IMPORTER: JHEV MOTORS PVT LTD),52,0.0011762302859845601
BRIGHT METAL WORKS,52,0.0011762302859845601
REVA ELECTRIC CAR CO,51,0.0011536104727925495
WUXI TENGHUI (IMPORTER: FEZORA INDIA),51,0.0011536104727925495
FITWEL MOBILITY PVT LTD,51,0.0011536104727925495
LI-IONS ELEKTRIK SOLUTIONS PVT LTD,50,0.0011309906596005386
SUPREME SALES AGENCY,50,0.0011309906596005386
MULTI DIMENSIONAL SOLUTIONS,50,0.0011309906596005386
PINNACLE MOBILITY SOLUTIONS PVT LTD,49,0.001108370846408528
MODIKA INTERNATIONAL (IMPORTER: FRANKLIN EV),49,0.001108370846408528
SHAMMI ELECTRONICS,49,0.001108370846408528
JIANGSU AIMA (IMPORTER: FUTURE EV),48,0.001085751033216517
WUXI SHENGBAO (IMPORTER:SHEMA E-VEHICLE),48,0.001085751033216517
VGLAN BUILDCON PVT LTD,48,0.001085751033216517
DIVYA AUTOMOBILES,48,0.001085751033216517
KPT INDUSTRIES LTD,47,0.0010631312200245061
SAMEER ENGINEERING,47,0.0010631312200245061
STAR INDUSTRIES,47,0.0010631312200245061
DESMOTO ELECTRICS PVT LTD,47,0.0010631312200245061
JIANGSU DALONG (IMPORTER: SABOO TOR),46,0.0010405114068324955
JCB INDIA LTD,46,0.0010405114068324955
AARGEE ELECTRIC,46,0.0010405114068324955
WUXI SHENGBAO (IMPORTER:ELECTRIC ONE ENERGY),46,0.0010405114068324955
ELECTRIC ALLIANCE(IMPORTER: ELLYSIUM AUTOMOTIVES),45,0.0010178915936404848
LALA G E RICKSHAW AND SPARE PARTS,45,0.0010178915936404848
SHERA ELECTRICAL AUTO PVT LTD,45,0.0010178915936404848
JUNENG MOTORCYCLE TECH. (IMPORTER: DELTA AUTOCORP),45,0.0010178915936404848
ECOBIT INTERNATIONAL(IMPORTER: JHEV MOTORS),44,0.000995271780448474
WUXI TENGHUI (IMPORTER: BOHRE ELECTRIC),43,0.0009726519672564632
HITECH ELECTRIC AUTO CO,43,0.0009726519672564632
"""VOLVO GROUP INDIA PVT LTD""",43,0.0009726519672564632
SAGAR FABRICATIONS,43,0.0009726519672564632
JINDAL ELECTRIC VEHICLES,43,0.0009726519672564632
YANGGUANG LINGMU (IMPORTER: DAWNGATE BUSINESS),42,0.0009500321540644526
SHRI RAM AUTOMOBILES,42,0.0009500321540644526
BSERAIL ENGINEERING PVT LTD,41,0.0009274123408724417
JIANGSU GUOWEI (IMPORTER: REVEAL ELECTRIC),41,0.0009274123408724417
JAL ENTERPRISES,40,0.000904792527680431
GODREJ AND BOYCE MFG CO LTD,40,0.000904792527680431
GOOD WILL HI PRECISION,40,0.000904792527680431
BABA E RICKSHAW & C BATTERIES,39,0.0008821727144884201
GAURI AUTO INDIA PVT. LTD,39,0.0008821727144884201
ZAP (IMPORTER:ELLYSIUM AUTOMOTIVES PVT LTD),39,0.0008821727144884201
ORIGINAL FUEL SYSTEM PVT LTD,38,0.0008595529012964093
NANNHRAY AGIRCULTURE WORKS,37,0.0008369330881043987
SWADESHI INDUSTRIES,37,0.0008369330881043987
GRG SMART VEHICLE PVT LTD,37,0.0008369330881043987
CHANDAKE-AUTOMOBILES LLP,37,0.0008369330881043987
WUXI TENGHUI (IMPORTER: JOZHI SERVICES),36,0.0008143132749123878
YOUYAKU ELECTRIC (IMPORTER: SMOBILITY EV),36,0.0008143132749123878
V V A ELECTRIC VEHICLE,36,0.0008143132749123878
MAHINDRA & MAHINDRA LIMITED (TRACTOR),36,0.0008143132749123878
LAKSHYA MOTORS,35,0.0007916934617203771
DONGMA VEHICLE (IMPORTER: MERCURY METALS),35,0.0007916934617203771
OLECTRA GREENTECH LTD,35,0.0007916934617203771
WUXI TENGHUI INTERNATIONAL (IMPORTER: FEZORA),35,0.0007916934617203771
SHIVGANGA ECOGREEN LLP,35,0.0007916934617203771
KALINGA VENTURES IND P,35,0.0007916934617203771
EBUZZ MOBILITY LLP,34,0.0007690736485283662
G. M. VEHICLE INDUSTRIES,34,0.0007690736485283662
REFLEX CONTROL SYSTEM PVT,34,0.0007690736485283662
GOBIND INDUSTRIES PVT LTD,34,0.0007690736485283662
ECOYAN ELECTRIC MOTOR VEHICLES PVT LTD,34,0.0007690736485283662
SUGANJI RARA ELECTRIC VEHICLE PVT LTD,34,0.0007690736485283662
KANHA ELECTRIC VEHICLES,33,0.0007464538353363555
VIJEX STEEL FABRICATION,33,0.0007464538353363555
PUNEET OVERSEAS  INC,33,0.0007464538353363555
WUXI TENGHUI (IMPORTER: FRANKLIN EV INDIA),32,0.0007238340221443448
VOLTAIC INDUSTRIES PVT LTD,32,0.0007238340221443448
SWARNCHAKRA AUTOMOBILES PVT LTD,31,0.0007012142089523339
WUXI SAIGE (IMPORTER: E-VISHWA ELECTOBIKE),31,0.0007012142089523339
CAPCO INDUSTRIES PVT LTD,31,0.0007012142089523339
QOOKEE TECHNOLOGIES (IMPORTER:VIKEBIKE INDIA),31,0.0007012142089523339
MARUTI SUZUKI INDIA LTD,30,0.0006785943957603232
SHRI LAKSHMI LATHE WORKS,30,0.0006785943957603232
DSR EV MOBILITY PVT LTD,30,0.0006785943957603232
APARNA AGRICO,30,0.0006785943957603232
SAI SAMEER POWER ELECTRIC VEHICLES PVT LTD,29,0.0006559745825683124
ASHWA ELECTRIC,29,0.0006559745825683124
M/S. DAVE EXIM (P) LTD.,29,0.0006559745825683124
SAIFIAN SOLAR PVT LTD,29,0.0006559745825683124
PASHUPATI NATH MOTORS PVT LTD,29,0.0006559745825683124
SURYA INTERNATIONAL,29,0.0006559745825683124
SHINE METAL UDYOG PVT LTD,28,0.0006333547693763016
MAC INTERNATIONAL (IMPORTER: JHEV MOTORS PVT LTD),28,0.0006333547693763016
KAINING (HONGKONG) (IMPORTER:M/S IZANAU ELECTRIC),28,0.0006333547693763016
NINGBO SANJIANG (IMPORTER: VABRO EVTECH),28,0.0006333547693763016
SAKSHAM TECH AUTO,28,0.0006333547693763016
BALAJI TRADING COMPANY,28,0.0006333547693763016
PASHUPATI VEHICLE PVT. LTD.,27,0.0006107349561842909
SKS AUTOMOBILES (I) PVT LTD,27,0.0006107349561842909
JIANGSU DALONG (IMPORTER: KINGCHE MOBILITY),27,0.0006107349561842909
GO GREEN EOT (ENERGY OF THINGS) PVT LTD,27,0.0006107349561842909
VEHICLE FACTORY JABALPUR,27,0.0006107349561842909
WUXI DONGMA (IMPORTER: DYNAM PRECISION),27,0.0006107349561842909
WUXI SAIGE (IMPORTER: ZELIO AUTO PVT.LTD.),26,0.0005881151429922801
SUNSHINE TECHNOLOGIES,26,0.0005881151429922801
NEWTON INDIA INDUSTRIES PVT LTD,26,0.0005881151429922801
JIANGSU JINPENG (IMPORTER: KKL HITECH EV),26,0.0005881151429922801
JOYRAM STEEL FABRICATION WORKS,26,0.0005881151429922801
JAYA AUTOMOTIVES PVT LTD,26,0.0005881151429922801
SPEEDWAYS ELECTRIC PVT LTD,25,0.0005654953298002693
CARREE YUNUS VEHICLE PVT LTD,25,0.0005654953298002693
DURABLE FLANGES PVT LTD,25,0.0005654953298002693
ALL TERRAIN CRANE,25,0.0005654953298002693
MAHINDRA NAVISTAR  AUTOMOTIVES LTD,25,0.0005654953298002693
YANGGUANG LINGMU (IMPORTER: XWLS ELECTRIC),24,0.0005428755166082585
WARIVO MOTOR INDIA PVT LTD,24,0.0005428755166082585
SAS MOTORS LTD.,24,0.0005428755166082585
WUXI TENGHUI INTERNATIONAL (IMPORTER: FRANKLIN EV),24,0.0005428755166082585
BULL MACHINES PVT LTD,24,0.0005428755166082585
MARINE NAVAIDS & SOLAR AUTO PVT LTD,24,0.0005428755166082585
HBSS E MOBILITY PVT LTD,24,0.0005428755166082585
KNIGHT QUEEN INDUSTRIES PV LTD,24,0.0005428755166082585
YOUYAKU ELECTRIC (IMPORTER:KRISHIKA EV INDIA),23,0.0005202557034162477
ADITYA AGRO INDUSTRIES,23,0.0005202557034162477
ATOMEX E-MOTORS INDIA PVT LTD,23,0.0005202557034162477
SML ISUZU LTD,23,0.0005202557034162477
EVOLUTION AUTOTECH,23,0.0005202557034162477
SITYOG ENGINEERING PVT LTD,23,0.0005202557034162477
CHIRAG ENTERPRISES,23,0.0005202557034162477
PRABHA AUTOMOTIVE ENGINEERS PVT LTD,23,0.0005202557034162477
TEREX CORPORATION,22,0.000497635890224237
VEANCO AUTOMOTIVES PVT LTD,22,0.000497635890224237
RAMA INDUSTRIES,22,0.000497635890224237
NANYA AIRCONN PVT LTD,22,0.000497635890224237
MAA LUXMI E-VEHICLES PVT. LTD.,22,0.000497635890224237
ANCHI MOTORCYCLE(IMPORTER:GREEN FUEL ALTERNATIVES),21,0.0004750160770322263
ZBEE INDIA PVT LTD,21,0.0004750160770322263
LOG 9 MATERIALS SCIENTIFIC PVT LTD,21,0.0004750160770322263
SAURYAA SHARYO CORPORATION,21,0.0004750160770322263
HONGKONG YIXING (IMPORTER: VICTORY ELECTRIC),21,0.0004750160770322263
MAHINDRA TWO WHEELERS LTD,21,0.0004750160770322263
ARIHANT ENTERPRISES,20,0.0004523962638402155
TAO POWER PRIVATE LIMITED,20,0.0004523962638402155
DUKEMOTO MOTORS PVT LTD,20,0.0004523962638402155
FUJIYAMA POWER INFRA PVT. LTD.,20,0.0004523962638402155
RENAULT INDIA PVT LTD,20,0.0004523962638402155
SHRI SHIVSHANKAR ENTERPRISES,19,0.00042977645064820467
EKO VEHICLE PRIVATE LIMITED,19,0.00042977645064820467
KARNATAKA SCOOTERS LTD,19,0.00042977645064820467
DIWA GREEN TECHNOLOGY PVT LTD,19,0.00042977645064820467
"MAYUR ENTERPRISES,BARIPADA",19,0.00042977645064820467
SHUBHAM MANUFACTURER,19,0.00042977645064820467
VISHWARUP ENTERPRISE,18,0.0004071566374561939
TRUZ INDUSTRIES,18,0.0004071566374561939
THE COMMERCIAL MOTORS PVT LTD,18,0.0004071566374561939
ATR TECHNOSALES PRIVATE LIMITED,18,0.0004071566374561939
INDUS ELECTROTHERM INDIA LTD,18,0.0004071566374561939
SHRI ABIRAMI TRAILERS,18,0.0004071566374561939
ADAPT MOTORS PVT LTD,18,0.0004071566374561939
SMAP VEHICLES (IMPORTER: ELEGO MOTORS),17,0.0003845368242641831
USHASONS AUTO COMPONENTS,17,0.0003845368242641831
WUXI SAIGE (IMPORTER: ELECTRO-TECH),17,0.0003845368242641831
MILLENNIAL MOTORS LLP,17,0.0003845368242641831
JIANGSU XINRI (IMPORTER: NISIKI TECHNOLOGIES),17,0.0003845368242641831
MUNDE MECHANICAL WORKS,17,0.0003845368242641831
KNIGHT QUEEN INDUSTRIES PVT LTD,17,0.0003845368242641831
SCOOTERS INDIA LTD,17,0.0003845368242641831
LEOPAN MOTORS PRIVATE LIMITED,17,0.0003845368242641831
M K BROTHERS,17,0.0003845368242641831
KAINING (HONGKONG) (IMPORTER: ENERGY AUTOMOBILE),17,0.0003845368242641831
M/S JASRAJ AUTO AGENCY,17,0.0003845368242641831
KRANTI INTERNATIONAL,16,0.0003619170110721724
WUXI TENGHUI (IMPORTER: REMARK ELECTRIC),16,0.0003619170110721724
GURUKIRPA MOTORS,16,0.0003619170110721724
RD AND CO,16,0.0003619170110721724
AAKK AUTO PVT LTD,16,0.0003619170110721724
KION INDIA PVT LTD,15,0.0003392971978801616
SEEKA E MOTORS PVT LTD,15,0.0003392971978801616
ENIGMA AUTOMOBILES PVT LTD,15,0.0003392971978801616
LAKSHMI AUTO TRADERS,15,0.0003392971978801616
SUN MOTORS,15,0.0003392971978801616
JIANGSU DALONG (IMPORTER: ENGTIAN ELECTRIC),15,0.0003392971978801616
BILAL TRAILORS,15,0.0003392971978801616
INTERNATIONAL TRACTORS LIMITED,15,0.0003392971978801616
MAN TRUCKS INDIA PVT. LTD.,14,0.0003166773846881508
RASANDIK MOTORS PVT LTD,14,0.0003166773846881508
MOTOVOLT MOBILITY PVT LTD,14,0.0003166773846881508
WUXI NOOMA (IMPORTER: SMARTNK  ELECTRIC VEHICLE),14,0.0003166773846881508
WUXI SAIGE (IMPORTER: NGAGE IMPEX),13,0.00029405757149614004
JIANGSU SUNHOU (IMPORTER: SABOO TOR),13,0.00029405757149614004
EXTRAMILE GAS TECH,13,0.00029405757149614004
YOUYAKU ELECTRIC (IMPORTER: TVISI ELECTRIC),13,0.00029405757149614004
OM. INDUSTRIES,13,0.00029405757149614004
UNIC,13,0.00029405757149614004
RAFTAAR ELECTRIC GREEN VEHICLES PVT LTD,12,0.00027143775830412926
KADESEETLA AASHIRWAD GP INDUSTRIES PVT LTD,12,0.00027143775830412926
MACNEILL ENGG LTD,12,0.00027143775830412926
LOCAL TRAILER MANUFACTURER,12,0.00027143775830412926
GREEN WORLD MOTORS PVT LTD,12,0.00027143775830412926
ACTION CONSTRUCTION EQUIPMENT LTD.,12,0.00027143775830412926
VINAYAK INDUSTRIES,11,0.0002488179451121185
KRISHNA ENGINEERING,11,0.0002488179451121185
GEO ALLIANCE,11,0.0002488179451121185
NEW HOLLAND CONSTRUCTION EQUIPMENT(I) PVT.LTD.,11,0.0002488179451121185
S.S.AGRO TECH,11,0.0002488179451121185
GURJEET AGRO INDUSTRIES,11,0.0002488179451121185
DEVAM ELECTRIC VEH P L,11,0.0002488179451121185
LIUGONG INDIA PVT. LTD,11,0.0002488179451121185
ANTONY TRAILORS,11,0.0002488179451121185
CHANGZHOU YEFEND VEHICLE CO,11,0.0002488179451121185
MAA DURGA ELECTRIC MOTOR VEHICLE PVT LTD,11,0.0002488179451121185
ANCHI MOTORCYCLE (IMPORTER: EVNEXUS PVT. LTD.),11,0.0002488179451121185
SANT ENGG WORKS,11,0.0002488179451121185
A.K.AUTO ELECTRICAL,10,0.00022619813192010775
GURDEEP ENGINEERING WORKS,10,0.00022619813192010775
H. D. AUTOMOTIVES,10,0.00022619813192010775
PREET TRACTORS PVT. LTD.,10,0.00022619813192010775
RACHANACREATIONS AUTO PVT LTD,10,0.00022619813192010775
HOMFEEL VEGH AUTOMOBILES PVT LTD,10,0.00022619813192010775
CHINA HAOCHEN (IMPORTER:SLSR ELECTRO),10,0.00022619813192010775
EICHER TRACTORS,10,0.00022619813192010775
SHRIRAM ASTRAL MOTOR CO,10,0.00022619813192010775
EYUG AUTOMOBILE PVT LTD,10,0.00022619813192010775
GENERAL AGENCIES(KOLKATA) PVT LTD,10,0.00022619813192010775
ADITYA ENTERPRISES,10,0.00022619813192010775
YANGGUANG LINGMU (IMPORTER: DURGA FILTERS),10,0.00022619813192010775
WUXI TENGHUI (IMPORTER: JAIDKA POWER),9,0.00020357831872809694
WUXI TENGHUI (IMPORTER: RADHA MOBILITIES LLP),9,0.00020357831872809694
TRANSVAHAN TECHNOLOGIES INDIA PVT LTD,9,0.00020357831872809694
VEERA VAHANA UDYOG PRIVATE LIMITED,9,0.00020357831872809694
ESCORTS KUBOTA LIMITED (AGRI MACHINERY GROUP),9,0.00020357831872809694
POWERLAND AGRO TRACTOR VEHICLES PVT LTD,9,0.00020357831872809694
PMI ELECTRO MOBILITY SOLUTIONS PRIVATE LIMITED,9,0.00020357831872809694
KRANTI AUTOMOBILES LIMITED,9,0.00020357831872809694
ASTER AUTOMOTIVE PVT LTD,9,0.00020357831872809694
GREAVES INDIA PVT LTD,9,0.00020357831872809694
SUPROVA ENTERPRISE,9,0.00020357831872809694
S.P. ELECTRONICS,9,0.00020357831872809694
LOTIA  MOTORS  LTD,9,0.00020357831872809694
JAISWAL INDUSTRIES,8,0.0001809585055360862
GARWARE MOTORS LIMITED,8,0.0001809585055360862
K. S. INDUSTRIES,8,0.0001809585055360862
MOTOROYALE KINETIC PRIVATE LIMITED,8,0.0001809585055360862
LAKSHMI AGRO INDUSTRIES,8,0.0001809585055360862
UMA AUTO INDUSTRIES PVT LTD,8,0.0001809585055360862
ANOOP CYLINDERS PVT LTD,8,0.0001809585055360862
ASHLESHA POWER CONTROLS PVT LTD,8,0.0001809585055360862
AGRAWAL RENEWABLE ENERGY PVT LTD,8,0.0001809585055360862
SHRI CHAMUNDI MOPEDS,8,0.0001809585055360862
KAINING (HONGKONG) (IMPORTER: TOXMO ELECTRIC),7,0.0001583386923440754
GREEN WAY ECO RIDE,7,0.0001583386923440754
S J TRAILORS,7,0.0001583386923440754
UNICORN DIGITAL SYSTEMS PVT LTD,7,0.0001583386923440754
VITAN JAGADA AUTOMOBILE PVT LTD,7,0.0001583386923440754
BAILI MOTOR (IMPORTER:A B MOTOSS EV PVT LTD),7,0.0001583386923440754
JIANGSU GUOWEI (IMPORTER:ELECTRO-TECH),7,0.0001583386923440754
VOLKSWAGEN INDIA PVT LTD,6,0.00013571887915206463
WELCOME E RICKSHAW,6,0.00013571887915206463
GENERAL MOTORS INDIA PVT LTD,6,0.00013571887915206463
ESCORTS CONSTRUCTION EQUIPMENT LTD,6,0.00013571887915206463
VARIOUS INNOVATIVE SYSTEMS HYBRID NANO UTILITIES,6,0.00013571887915206463
J.S.AUTO PVT LTD (KANPUR),6,0.00013571887915206463
HARSHVIE INDUSTRIES PVT LTD,6,0.00013571887915206463
AL-ZAHOOR  CO,6,0.00013571887915206463
SUN MOTORS PVT LTD,6,0.00013571887915206463
AXCEED INDUSTRIES (OPC) PVT LTD,6,0.00013571887915206463
MVM MOTORS PRIVATE LIMITED,6,0.00013571887915206463
JOHN DEERE INDIA  PVT LTD(TRACTOR DEVISION),6,0.00013571887915206463
CHEVROLET SALES INDIA PVT LTD,6,0.00013571887915206463
FRN MOTORS PVT LTD,6,0.00013571887915206463
REGENERATION E BIKES,6,0.00013571887915206463
"HYUNDAI MOTORS LTD, SOUTH KOREA",6,0.00013571887915206463
SUNKU AUTO LTD,6,0.00013571887915206463
RASANDIK ENGINEERING,6,0.00013571887915206463
JAYATI TOOLS,5,0.00011309906596005388
ZHONGXING (IMPORTER:GREENO AUTOMOBILE),5,0.00011309906596005388
VENUS AUTO INDUSTRIES,5,0.00011309906596005388
OCULUS AUTO INDUSTRIES LLP,5,0.00011309906596005388
PORWAL ELECTRIC,5,0.00011309906596005388
H.M.S.I. PVT. LTD.,5,0.00011309906596005388
ASIA BODY BUILDERS & MANUFACTURERS,5,0.00011309906596005388
M/S SRISHTI AUTOMOBILES,5,0.00011309906596005388
ANJALI ENTERPRISES,5,0.00011309906596005388
ANBU TRAILERS,5,0.00011309906596005388
API MOTORS PVT LTD,5,0.00011309906596005388
D.K. MOTORS,5,0.00011309906596005388
GRINDIA G MOTORS PVT LTD,5,0.00011309906596005388
EDDY CURRENT CONTROLS (I) LTD,5,0.00011309906596005388
JSS ENGINEERING COMPANY,5,0.00011309906596005388
SHRI GANAPATHY ENGG. WORKS,5,0.00011309906596005388
GEMAG CONSTRUCTION MACHINARY,5,0.00011309906596005388
DUCATI MOTOR HOLDING S.P.A,5,0.00011309906596005388
CATERPILLAR INDIA PRIVATE LIMITED,5,0.00011309906596005388
VOLTAS LIMITED,5,0.00011309906596005388
YANGGUANG LINGMU (IMPORTER: ECOINDIA),5,0.00011309906596005388
JAYNA AUTOMOBILES LLP,5,0.00011309906596005388
KARUMALAIAN AGRO INDUSTRY,4,9.04792527680431e-05
KELVINATOR INDIA LTD,4,9.04792527680431e-05
SHIV TRAILOR INDUSTRIES,4,9.04792527680431e-05
REDDY AUTOMOTIVE PVT LTD,4,9.04792527680431e-05
ROLLS ROYCE MOTOR (IMPORTER: KUN MOTOR),4,9.04792527680431e-05
MICROAUTOTECH PVT. LTD.,4,9.04792527680431e-05
SHRI VAIRAMUTHU TRAILERS,4,9.04792527680431e-05
RAM JANKI ENG. WORK,4,9.04792527680431e-05
EICHER MOTORS LTD,4,9.04792527680431e-05
SMITH MOTORS PVT LTD,4,9.04792527680431e-05
SAME DEUTZ - FAHR INDIA (P) LTD.,4,9.04792527680431e-05
KUMAR MOTORS PVT LTD,4,9.04792527680431e-05
H-D MOTOR COMPANY INDIA PVT LTD,4,9.04792527680431e-05
GILL AGRICULTURE WORKS,4,9.04792527680431e-05
GUANGXI MEIBAO(IMPORTER: DYNAMO ELECTRIC),4,9.04792527680431e-05
TOYOTA MATERIAL HANDLING INDIA PVT LTD,4,9.04792527680431e-05
VAUXHALL MOTORS LTD,4,9.04792527680431e-05
V.T.ENGINEERING,4,9.04792527680431e-05
CENTURY MOTORS PVT LTD,4,9.04792527680431e-05
LAUNCHER MATERIAL HANDLING INDUSTRIES,4,9.04792527680431e-05
HAYASA E-MOBILITY (INDIA) PVT LTD,4,9.04792527680431e-05
NBC ENGINEERING PVT LTD,4,9.04792527680431e-05
DASHMESH MECH WORKS PVT LTD,4,9.04792527680431e-05
CHONGQING YU AN GROUP,3,6.785943957603231e-05
STANDARD CORPORATION INDIA LTD,3,6.785943957603231e-05
SSV TECHNOLOGIES,3,6.785943957603231e-05
MAHALINGA ENGG. INDUSTRIES,3,6.785943957603231e-05
JEMCO ENGINEERING PVT LTD,3,6.785943957603231e-05
S E ASIA CO,3,6.785943957603231e-05
EMOBI MANUFACTURY PRIVATE LIMITED,3,6.785943957603231e-05
SURYA TRAILORS AND TANKERS,3,6.785943957603231e-05
D S R AUTOMOTIVES (INDIA) PVT LTD,3,6.785943957603231e-05
YOUYAKU ELECTRIC (IMPORTER: SHEMA E-VEHICLE),3,6.785943957603231e-05
A R T WELDING WORKS,3,6.785943957603231e-05
A D AGRO WORKS,3,6.785943957603231e-05
DSK MOTOWHEELS PVT LTD.,3,6.785943957603231e-05
LMV LTD,3,6.785943957603231e-05
M/S TRISHIKA INDUSTRIES,3,6.785943957603231e-05
UNIVERSAL LTD,3,6.785943957603231e-05
MOTOR & GENERAL SALES LTD.,3,6.785943957603231e-05
KAINING (HONGKONG) (IMPORTER: VOLTA EV PVT LTD),3,6.785943957603231e-05
HSU DRAGON (IMPORTER: DARK FIGHT POWER PVT LTD),3,6.785943957603231e-05
TAFE LIMITED,3,6.785943957603231e-05
VORC MOTORS PVT LTD,3,6.785943957603231e-05
FORD INDIA PVT LTD,3,6.785943957603231e-05
RATHNA ENGINEERING COMPANY,3,6.785943957603231e-05
CHATELEC VEHICLES INDIA LTD,3,6.785943957603231e-05
SHRI SAKTHI VINAYAKA TRAILERS,3,6.785943957603231e-05
MAHINDRA RENAULT PVT.LTD.,3,6.785943957603231e-05
MAHINDRA NISSAN ALLWYN LTD.,3,6.785943957603231e-05
SHRI CHINNAMMAN ENGG. WORKS,3,6.785943957603231e-05
KISAN AGRO INDUSTRIES,3,6.785943957603231e-05
PONMALAR TRAILERS,3,6.785943957603231e-05
MACNEILL ENGINEERING LIMITED,3,6.785943957603231e-05
3GB TECHNOLOGY PVT LTD,3,6.785943957603231e-05
SIDHI DURGA ENGINEERING,2,4.523962638402155e-05
HINDUSTAN MOTOR FINANCE CORPORATION LIMITED,2,4.523962638402155e-05
JUNGHEINRICH AG AND CO,2,4.523962638402155e-05
PRIMA PVT LTD,2,4.523962638402155e-05
PARAG AGRO,2,4.523962638402155e-05
DURGA FILTERS PVT LTD,2,4.523962638402155e-05
ATLAS COPCO INDIA LTD,2,4.523962638402155e-05
GREAT AUTOMOTIVE LIMITED,2,4.523962638402155e-05
SHRI KUMAR TRAILERS EQUIPMENTS,2,4.523962638402155e-05
SHRI MODERN TRAILERS,2,4.523962638402155e-05
SAKTHI VINAYAKA ENGINEERING WORKS,2,4.523962638402155e-05
SUN AUTO,2,4.523962638402155e-05
ECOYAN ELECTRIC MOTORS VEHICLE PVT LTD,2,4.523962638402155e-05
SUN SHINE ENGINEERING WORKS,2,4.523962638402155e-05
ARASAN AND CO.,2,4.523962638402155e-05
INTERNATIONAL CARS & MOTORS LTD,2,4.523962638402155e-05
DILIP CHHABRIA DESIGN PVT LTD,2,4.523962638402155e-05
OKA MOTOR COMPANY LTD.,2,4.523962638402155e-05
YEZDI MOTORS LTD,2,4.523962638402155e-05
CNH INDUSTRIAL (INDIA) PVT LTD,2,4.523962638402155e-05
DAIMLER INDIA COMMERCIAL VEHICLES PVT. LTD,2,4.523962638402155e-05
A-1 SUREJA INDUSTRIES,2,4.523962638402155e-05
DAIMLER AG,2,4.523962638402155e-05
DAEWOO MOTORS INDIA LTD,2,4.523962638402155e-05
GOLDENLION (IMPORTER:ELLYSIUM AUTOMOTIVES PVT LTD),2,4.523962638402155e-05
SAATHI TRADING CO,2,4.523962638402155e-05
LIMA VEHICLE GROUP(IMPORTER: ROUTE & MARS EV LLP),2,4.523962638402155e-05
"S M TRACTOR TRALERS, SHAHAPUR",2,4.523962638402155e-05
M.G.P ENGINEERING WORKS,2,4.523962638402155e-05
J S AGRO INDUSTRIES,2,4.523962638402155e-05
AHITESHAM AGRO ENGINEERING,2,4.523962638402155e-05
AMMAN ENGINEERING COMPANY,2,4.523962638402155e-05
BHARAT MANUFACTURING & ASSEMBLING E RIKSHA,2,4.523962638402155e-05
ELGI EQUIPMENTS LTD,2,4.523962638402155e-05
ASHOK LEYLAND LTD,2,4.523962638402155e-05
MAULIRAJ INDUSTRIES LLP,2,4.523962638402155e-05
HITEK ELECTRIC AUTO CO.,2,4.523962638402155e-05
SMARTOMATIC VEHICLES PRIVATE LIMITED,2,4.523962638402155e-05
EXPO MACHINERY LTD,2,4.523962638402155e-05
FSTMOTO INTERNATIONAL (IMPORTER: TEDI (INDIA)),2,4.523962638402155e-05
JIANGSU DALONG (IMPORTER: RILOX EV PVT LTD),2,4.523962638402155e-05
MSI INDUSTRIES,2,4.523962638402155e-05
KAYAMEL MACHINE PRIVATE LTD,2,4.523962638402155e-05
KATYAYANI AUTOMOTIVE,2,4.523962638402155e-05
BYD AUTO,2,4.523962638402155e-05
ROLLS-ROYCE MOTOR CARS(IMPORTER:SELECT CARS P LTD),2,4.523962638402155e-05
MAHINDRA & MAHINDRA LIMITED (SWARAJ DIVISION),2,4.523962638402155e-05
MAC INTERNATIONAL (IMPORTER:HONESTY),2,4.523962638402155e-05
SHRI VENKATESHWARA TRAILOR,2,4.523962638402155e-05
SHRI DEVIKA TRAILERS,2,4.523962638402155e-05
SHRI ANGAMMAL ENGINEERING WORKS,2,4.523962638402155e-05
REPUBLIC PVT.LTD.,2,4.523962638402155e-05
CASE EQUIPMENT PRIVATE LTD,2,4.523962638402155e-05
SHRI BANASHANKARI ENG WORKS,1,2.2619813192010774e-05
JIANGSU DALONG JIANHAO (IMPORTER: GREEN INDIA),1,2.2619813192010774e-05
SHRI ARUPADAYAN TRAILERS,1,2.2619813192010774e-05
"BASUDEB ENGINEERING, CUTTACK",1,2.2619813192010774e-05
BALAMURUGAN ENGINEERING WORKS,1,2.2619813192010774e-05
SHAKTIMAN AGRO INDUSTRIES,1,2.2619813192010774e-05
SHAH AGRO ENGG WORKS,1,2.2619813192010774e-05
BENGAL MOTORS,1,2.2619813192010774e-05
ROLLS ROYCE,1,2.2619813192010774e-05
GAIA INTERNATIONAL (IMPORTER: NEW ENERGY WAGON),1,2.2619813192010774e-05
GANAPATI AGRO INDUSTRIES,1,2.2619813192010774e-05
NICOLAS INDUSTRIES,1,2.2619813192010774e-05
SAKTHI VIJAY INDUSTRIES,1,2.2619813192010774e-05
SUNLECTRA AUTO,1,2.2619813192010774e-05
NGAGE IMPEX PVT LTD,1,2.2619813192010774e-05
SRI SAI MARKETING,1,2.2619813192010774e-05
EICHER POLARIS PVT. LTD.,1,2.2619813192010774e-05
SUMEC CO LTD (IMPORTER: ROUTE & MARS EV LLP),1,2.2619813192010774e-05
JEEVAA E-BIKE MFG PVT LTD,1,2.2619813192010774e-05
RAJKAMAL MOTORS LTD,1,2.2619813192010774e-05
MAHARASTRA SCOOTER LIMITED,1,2.2619813192010774e-05
SRI RAMA TRAILERS,1,2.2619813192010774e-05
CHONGQING CHARMING (IMPORTER: AYAAN ELECTRONICS).,1,2.2619813192010774e-05
CLAAS INDIA P LTD,1,2.2619813192010774e-05
CLENERGY INNOVATIONS PVT LTD,1,2.2619813192010774e-05
JEEVA TRAILERS,1,2.2619813192010774e-05
SHRI RAM INDUSTRIES,1,2.2619813192010774e-05
SIVA ENGINEERING WORKS,1,2.2619813192010774e-05
MAHINDRA GUJARAT TRACTOR LIMITED,1,2.2619813192010774e-05
SINDHU MOTORS,1,2.2619813192010774e-05
SHRI GANESH TRAILER,1,2.2619813192010774e-05
SHRI KANAGA TRAILERS TANKAR,1,2.2619813192010774e-05
SHRI JYOTHI ENG. WORKS.,1,2.2619813192010774e-05
SHRI LAXMI ENGINEERING WORKS,1,2.2619813192010774e-05
MAXI CAB,1,2.2619813192010774e-05
GREAVES COTTON LTD.,1,2.2619813192010774e-05
BAFNA AUTO CARS I PVT.LTD.,1,2.2619813192010774e-05
SIVASAKTHI ENGINEERING WORKS,1,2.2619813192010774e-05
MEGHA TRAILERS,1,2.2619813192010774e-05
MAHINDRA VEHICLE MANUFACTURER LIMITED,1,2.2619813192010774e-05
HMT LIMITED,1,2.2619813192010774e-05
BAJAJ TEMPO LIMITED,1,2.2619813192010774e-05
AUTOCROLA INDIA LTD,1,2.2619813192010774e-05
E-ASHWA AUTOMOTIVE (HS 2W) PVT LTD,1,2.2619813192010774e-05
MITHU BAJRANG ENG.WORKS,1,2.2619813192010774e-05
BENTLEY MOTORS LIMITED,1,2.2619813192010774e-05
FORCE MOTORS LIMITED,1,2.2619813192010774e-05
KHAN ENGINEERING WORKS,1,2.2619813192010774e-05
KETRON ELECTRIC VEHICLES PVT LTD,1,2.2619813192010774e-05
WUXI NOOMA (IMPORTER: KKL HITECH EV),1,2.2619813192010774e-05
VISHWAS TRAILER WELD WORK,1,2.2619813192010774e-05
PILLING RIG,1,2.2619813192010774e-05
ABIRAMI ENGINEERING WORKS,1,2.2619813192010774e-05
PORSCHE AG,1,2.2619813192010774e-05
KARTAR AGRO ENGINEERS PVT LTD,1,2.2619813192010774e-05
WIRTGEN INDIA PVT LTD,1,2.2619813192010774e-05
KARTAR AGRO INDUSTRIES PVT LTD,1,2.2619813192010774e-05
DALIAN FORKLIFT CO.,1,2.2619813192010774e-05
EAGLE AUTO PEARL PVT,1,2.2619813192010774e-05
SGL INDUSTRIES,1,2.2619813192010774e-05
MUTHUR AGRO ENGINEERING WORKS,1,2.2619813192010774e-05
"M/S PATEL & SONS ENGINEERING WORKS,SAMBALPUR",1,2.2619813192010774e-05
DHARMAND TRAILERS,1,2.2619813192010774e-05
TAMILNADU MOPEDS LTD,1,2.2619813192010774e-05
TELSA INC,1,2.2619813192010774e-05
ANCHI MOTORCYCLE (IMPORTER:HINDUSTAN EV MOTORS),1,2.2619813192010774e-05
ELECTROTECH TRANSMISSION PVT LTD,1,2.2619813192010774e-05
PREMIER LTD,1,2.2619813192010774e-05
PAL DIESAL PVT LTD,1,2.2619813192010774e-05
ARBUDA TRAILER,1,2.2619813192010774e-05
K M MOTORS,1,2.2619813192010774e-05
ASAV AUTOMOTIVE PVT LTD,1,2.2619813192010774e-05
ARIHANT ENTERPRISE,1,2.2619813192010774e-05
BSA MOTORS,1,2.2619813192010774e-05
SAN MOTORS LIMITED,1,2.2619813192010774e-05
NEELAM AGRO EQUIP,1,2.2619813192010774e-05
NEW MARTHWADA QUALITY TRAILOR,1,2.2619813192010774e-05
SAGAS AUTOTIC PVT LTD,1,2.2619813192010774e-05
SAHKAR AGRO IND,1,2.2619813192010774e-05
SAGAR AGRO INDUSTRIES,1,2.2619813192010774e-05
DELHI AUTOMOBILES LTD,1,2.2619813192010774e-05
DEEPTI SMART MOBILITY PVT LTD,1,2.2619813192010774e-05
S.M. LTD.,1,2.2619813192010774e-05
RUDRA AUTO INDUSTRIES,1,2.2619813192010774e-05
RAJA ARTS HITECH ENGINEERING,1,2.2619813192010774e-05
RAAJ AUTOMOTIVE,1,2.2619813192010774e-05
M/S UNITY MOTOR BODY,1,2.2619813192010774e-05
HIND AGRO INDUSTRIES,1,2.2619813192010774e-05
HETTRA HET TRAILER,1,2.2619813192010774e-05
GOLD HOFER,1,2.2619813192010774e-05
GOPAL AGROTECH,1,2.2619813192010774e-05
PUNJAB TRACTORS LIMITED,1,2.2619813192010774e-05
PUSHKAR INDUSTRIES,1,2.2619813192010774e-05
R.N.A.I.P.LTD,1,2.2619813192010774e-05
"M/S SUBHAM ENGINEERING WORKSHOP, BALIAPAL, BALASORE",1,2.2619813192010774e-05
ISUZU MOTOR INDIA PVT LTD,1,2.2619813192010774e-05
SARAVANA TRAILER,1,2.2619813192010774e-05
IDEAL JAWA INDIA PVT LTD,1,2.2619813192010774e-05
INDO FARM EQUIPMENT LIMITED,1,2.2619813192010774e-05
AKSMD RECHARGEABLE VEHICLES PVT LTD,1,2.2619813192010774e-05
AKASH TRAILOR,1,2.2619813192010774e-05
UNITED AUTO TRACTORS LTD,1,2.2619813192010774e-05
AGRASEN ENGINEERING WORKS,1,2.2619813192010774e-05
AJAY ENGINEERING AND AGRICULTURAL EQUIPMENT CO.,1,2.2619813192010774e-05
AMW MOTORS LIMITED,1,2.2619813192010774e-05
AGRO INDUSTRIES,1,2.2619813192010774e-05
AMAR COACH BUILDERS,1,2.2619813192010774e-05
VIBGYOR  VEHICLES LIMITED,1,2.2619813192010774e-05
L & T CASE EQUIPMENT PVT LTD,1,2.2619813192010774e-05
ETHIRAJ AUTO UDYOG PVT LTD,1,2.2619813192010774e-05
EVERVE MOTORS PVT LTD,1,2.2619813192010774e-05
ESSEL ENERGY INFRA PVT LTD,1,2.2619813192010774e-05
ESCORT JCB LTD,1,2.2619813192010774e-05
KRT MOTORS PVT LTD,1,2.2619813192010774e-05
KUBOTA AGRICULTURAL MACHINERY INDIA PVT.LTD.,1,2.2619813192010774e-05
HAMPI TRACTORS,1,2.2619813192010774e-05
GURUKRAPA ENGINEERING WORKS,1,2.2619813192010774e-05
KRISHI ENGINEERING WORKS,1,2.2619813192010774e-05
HARJAS AGRO INDUSTRIES,1,2.2619813192010774e-05
GUJARAT TRACTOR CORP LTD,1,2.2619813192010774e-05
AKASH AGRO INDUSTRIES,1,2.2619813192010774e-05
JAI BHAVANI ENGINEERING  WORKS,1,2.2619813192010774e-05
GILL AGROTECH,1,2.2619813192010774e-05
PRAJAPATI ENG. WORKS,1,2.2619813192010774e-05
VINTAGE VEHICLES,1,2.2619813192010774e-05
VIJAYALAKSHIMI ENGG WORKS,1,2.2619813192010774e-05
DUCATI INDIA PVT LTD,1,2.2619813192010774e-05
DIVYA INDUSTRIES,1,2.2619813192010774e-05
GIRNAR SCOOTERS LTD,1,2.2619813192010774e-05
"DIAMOND ENGG,CTC",1,2.2619813192010774e-05
DILIGENT MOBILITY SERVICE PVT LTD,1,2.2619813192010774e-05
JAI AMBE FABRICATION & ENGINEERING WORK,1,2.2619813192010774e-05
JAYANTI AGRO CENTRES,1,2.2619813192010774e-05
JANANI TRAILERS,1,2.2619813192010774e-05
JAY AMBE AGRICULTURE,1,2.2619813192010774e-05
A. K. AUTTO ELECTRICAL,1,2.2619813192010774e-05
ABHAVIS TECHNOLOGY (I) PVT LTD,1,2.2619813192010774e-05
AASHI INDIA AUTOMOBILES PVT LTD,1,2.2619813192010774e-05
A B EXCAVATORS & EARTHMOVER LTD,1,2.2619813192010774e-05
