Maker,sales_2023,sales_2024,growth_percent
ECO-FRIENDLY ELECTRIC VEHICLE PVT LTD,1,165,16400.0
SKYY RIDER ELECTRIC PRIVATE LIMITED,1,143,14200.0
SUPER POWER MOTORS,2,107,5250.0
WUXI SHENGBAO (IMPORTER:ELECTRIC ONE ENERGY),1,45,4400.0
GREENFIT INDUSTRIES LLP,4,168,4100.0
UNIQUE AUTO ELECTRIC,26,874,3261.54
NAMAH INDUSTRIES PVT LTD,5,153,2960.0
MAC INTERNATIONAL (IMPORTER: JHEV MOTORS PVT LTD),1,27,2600.0
YAARI AUTOMOBILES PVT LTD,3,79,2533.33
SAKSHAM TRADING COMPANY,4,97,2325.0
B24 ROKET EV,28,663,2267.86
EVCO AUTOMOBILES PVT LTD,14,327,2235.71
WARIVO MOTOR INDIA PVT LTD,1,23,2200.0
RAVI METAL WORKS,20,452,2160.0
PLAUDIT TECHNO INDIA PVT LTD,18,360,1900.0
OM INDUSTRIES,44,768,1645.45
ROANSOME MOTORS,4,65,1525.0
WUXI MAYA (IMPORTER: DYNAMO ELECTRIC P. LTD.),4,63,1475.0
RIVER MOBILITY PVT LTD,92,1134,1132.61
SUNANDA GREENTECH PVT LTD,11,112,918.18
DSR EV MOBILITY PVT LTD,3,27,800.0
SIMPLEENERGY PVT LTD,65,568,773.85
HANUMAN UDYOG,8,68,750.0
VEERA VAHANA UDYOG PRIVATE LIMITED,1,8,700.0
PRAJJWAL MAHAJAN TRADERS,13,99,661.54
AKG INTERNATIONAL,138,1048,659.42
G. M. VEHICLE INDUSTRIES,3,22,633.33
CARREE YUNUS VEHICLE PVT LTD,3,22,633.33
GREENTECH AUTO LLP,1,7,600.0
DEVAM ELECTRIC VEHICLES PVT LTD,12,83,591.67
ENIGMA AUTOMOBILES PVT LTD,2,13,550.0
G.K E-VEHICLS INDUSTRIES PVT LTD,74,479,547.3
GOGORO INDIA PVT LTD,18,115,538.89
M K BROTHERS,2,12,500.0
YOUYAKU ELECTRIC (IMPORTER: TVISI ELECTRIC),2,11,450.0
WUXI SAIGE (IMPORTER: ZELIO AUTO PVT.LTD.),4,22,450.0
WUXI SAIGE (IMPORTER: NGAGE IMPEX),2,11,450.0
BAXY LTD,271,1481,446.49
M/S VISHNU CLEAN ENERGY VEHICLES LLP,7,38,442.86
ZERO 21 RENEWABLE ENERGY SOLUTIONS PVT LTD,11,55,400.0
JIANGSU AIMA (IMPORTER: FUTURE EV),8,40,400.0
VE COMMERCIAL VEHICLES LTD,6,27,350.0
RAMA INDUSTRIES,4,18,350.0
OBEN ELECTRIC VEHICLES PVT LTD,50,217,334.0
S S GLOBAL,6,26,333.33
SAMEER ENGINEERING,5,21,320.0
GREEN EVOLVE PVT LTD,42,172,309.52
SEEKA E MOTORS PVT LTD,3,12,300.0
ALL TERRAIN CRANE,5,20,300.0
ABZO MOTORS PVT LTD,12,48,300.0
AMAN AUTOMOBILES,14,55,292.86
VAHAK FUTURE SOLUTIONS LLP,23,89,286.96
POOSHPAK AUTOMOBILES PVT LTD,65,249,283.08
ROWWET MOBILITY PVT LTD,68,260,282.35
WUXI TENGHUI (IMPORTER: RADHA MOBILITIES LLP),2,7,250.0
SUNSHINE TECHNOLOGIES,2,7,250.0
RP MOTORS,32,107,234.38
CART INDIA,109,357,227.52
ROLLS ROYCE MOTOR (IMPORTER: KUN MOTOR),1,3,200.0
BALAJI TRADING COMPANY,7,21,200.0
MAHINDRA LAST MILE MOBILITY LTD,11773,34761,195.26
S B TRADERS,29,83,186.21
E-SPRINTO GREEN ENERGY PVT LTD,116,331,185.34
ASHMA-MOTORS PVT LTD,294,828,181.63
SIX SENSES AUTOMOTIVE PVT LTD,12,33,175.0
NARAINDASS AND SONS,4,11,175.0
DELTEK ENTERPRISES PVT LTD,8,21,162.5
MANIRAM ELECTRIC VEHICLE PVT LTD,299,766,156.19
PRIYAM INDUSTRIES AND ENGINEERING PVT LTD,40,99,147.5
TI CLEAN MOBILITY PVT LTD,1273,3139,146.58
ATUL GREENTECH PRIVATE LIMITED,127,308,142.52
PRAGYA AUTOMOBILE PVT LTD,33,79,139.39
LUCKY INDUSTRIES,38,88,131.58
SHAILENDRA AUTOS PVT LTD,40,91,127.5
MLR AUTO LTD,70,156,122.86
ALLENTTI MOTORS PVT LTD,59,131,122.03
DONGMA VEHICLE (IMPORTER: MERCURY METALS),11,24,118.18
WUXI TENGHUI (IMPORTER: FLYCON MOTORS),72,157,118.06
3S INDUSTRIES PRIVATE LIMITED,266,578,117.29
SHUBHAM MANUFACTURER,6,13,116.67
TRINITY ELECTRIC VEHICLES PVT LTD,57,120,110.53
QOOKEE TECHNOLOGIES (IMPORTER:VIKEBIKE INDIA),10,21,110.0
TARA MAA MACHINERY,26,54,107.69
HUNDA EV PVT LTD,125,255,104.0
AMAN ELECTRIC VEHICLES,162,327,101.85
VIJEX STEEL FABRICATION,11,22,100.0
RASIWASIA RASAYAN PVT LTD,2,4,100.0
HBSS E MOBILITY PVT LTD,8,16,100.0
HARSHVIE INDUSTRIES PVT LTD,2,4,100.0
GOBIND INDUSTRIES PVT LTD,5,10,100.0
SIRF INDIA VEHICLES PVT LTD,27,53,96.3
HONGKONG YIXING (IMPORTER: ADMS MARKETING),84,163,94.05
YOUYAKU ELECTRIC (IMPORTER:NEWTRON ELECTRIC),36,67,86.11
YOUYAKU ELECTRIC (IMPORTER:ONZO EV),20,37,85.0
PRESTANTIA CREATIONS PVT LTD,6,11,83.33
SOKUDO ELECTRIC INDIA PVT LTD,132,232,75.76
HERO MOTOCORP LTD,11142,19479,74.82
SAGAR FABRICATIONS,10,17,70.0
PUNJAB BODY BUILDERS,22,37,68.18
KETO MOTORS PVT LTD,224,364,62.5
E-GURU AUTO ENERGY,125,202,61.6
JIANGSU JINPENG (IMPORTER: KKL HITECH EV),10,16,60.0
MODIKA INTERNATIONAL (IMPORTER: FRANKLIN EV),19,30,57.89
BOOMA INNOVATIVE TRANSPORT SULUTIONS PVT LTD,207,326,57.49
YANGGUANG LINGMU (IMPORTER: FLYCON MOTORS),61,96,57.38
BIG BULL TRADER PVT LTD,673,1041,54.68
KAINING (HONGKONG) (IMPORTER:M/S IZANAU ELECTRIC),11,17,54.55
TATA MOTORS LTD,2041,3082,51.0
MAA KALPANA ENTERPRISE,153,230,50.33
OCULUS AUTO INDUSTRIES LLP,2,3,50.0
ASHA IMPEX,86,126,46.51
MILLENNIAL MOTORS LLP,7,10,42.86
KAINING (HONGKONG) (IMPORTER: ENERGY AUTOMOBILE),7,10,42.86
PYTHOX MOTORS PVT LTD,338,462,36.69
EVAGE AUTOMOTIVE PVT LTD,44,60,36.36
ADIDEV TECHNOA PVT LTD,689,927,34.54
QUANTUM ENERGY LTD.,2373,3178,33.92
TRUZ INDUSTRIES,3,4,33.33
YOUYAKU ELECTRIC (IMPORTER: HOUSTAN INNOVATION),82,109,32.93
GAGAN AUTOMOTIVES,383,508,32.64
VISHWAKARMA GNG INDUSTRY,123,162,31.71
SN SOLAR ENERGY,187,244,30.48
AAHANA COMMERCE PVT LTD,918,1194,30.07
MARKUS,27,35,29.63
KGN INDUSTRIES,405,522,28.89
JMT VEHICLES PVT LTD,1077,1383,28.41
SUDHRAJ ELECTRIC MOBILITY PVT. LTD.,175,223,27.43
OMEGA SEIKI PVT LTD,3681,4653,26.41
YOUYAKU ELECTRIC (IMPORTER: SASDAL ENTERPRISES),80,101,26.25
SHINE METAL UDYOG PVT LTD (UNIT- II),110,138,25.45
THE COMMERCIAL MOTORS PVT LTD,8,10,25.0
GODAWARI ELECTRIC MOTORS PVT LTD,273,339,24.18
PINNACLE MOBILITY SOLUTIONS PVT LTD,22,27,22.73
MECPOWER MOBILITY PVT. LTD.,128,154,20.31
NEUON MOTORS LLP,45,54,20.0
YANGGUANG LINGMU (IMPORTER: XWLS ELECTRIC),11,13,18.18
BAJAJ AUTO LTD,76514,90160,17.83
KERALA AUTOMOBILES LIMITED,74,87,17.57
ADM TECHNOLOGIES PVT. LTD.,129,151,17.05
DEEP DRAWN TECHNOLOGIES,12,14,16.67
ELECTRA INTERNATIONAL,7,8,14.29
CHINA HAOCHEN (IMPORTER: ADMS MARKETING),135,154,14.07
WUXI SAIGE (IMPORTER: ELECTRO-TECH),8,9,12.5
PRABHA AUTOMOTIVE ENGINEERS PVT LTD,8,9,12.5
JIANGSU DALONG (IMPORTER: SABOO TOR),22,24,9.09
YOUYAKU ELECTRIC (IMPORTER:IME VEHICLES PVT LTD),218,232,6.42
WUXI TENGHUI INTERNATIONAL (IMPORTER: FEZORA),17,18,5.88
HARSH TRADING CO,34,36,5.88
JUNENG MOTORCYCLE TECH. (IMPORTER: DELTA AUTOCORP),22,23,4.55
WARDWIZARD INNOVATIONS & MOBILITY LIMITED,6910,7186,3.99
ENTICE IMPEX PVT LTD,587,599,2.04
MANMOHAN KAUR,64,65,1.56
ZEOPLUS AXIS INDIA PVT. LTD.,3563,3578,0.42
WUXI TENGHUI INTERNATIONAL (IMPORTER: FRANKLIN EV),12,12,0.0
WOX COOLERS PVT LTD,2,2,0.0
SCOOTERS INDIA LTD,1,1,0.0
PRAKASH ENTERPRISES,65,65,0.0
MICROAUTOTECH PVT. LTD.,2,2,0.0
MAULIRAJ INDUSTRIES LLP,1,1,0.0
MAC INTERNATIONAL (IMPORTER:HONESTY),1,1,0.0
GOLDENLION (IMPORTER:ELLYSIUM AUTOMOTIVES PVT LTD),1,1,0.0
RASANDIK ENGINEERING INDUSTRIES INDIA LTD,152,150,-1.32
MERCEDES -BENZ AG,322,316,-1.86
RANA ENGINEER WORKS,575,564,-1.91
ENGINIA VEHICLES PVT LTD,188,184,-2.13
WELKIN HEALTHCARE PVT LTD,30,29,-3.33
GREEN SHUTTLE TECHNOLOGY PVT LTD,28,27,-3.57
MALAK TECHNO PVT LTD,52,50,-3.85
KIRAN AUTOMOBILE INDUSTRY,81,77,-4.94
VINCI INDUSTRIAL CORPORATION,39,37,-5.13
APSARA ENTERPRISE,725,685,-5.52
BAL GOPAL WHEELS PVT LTD,105,99,-5.71
EBUZZ MOBILITY LLP,17,16,-5.88
SMART ELECTRO MOTORS,47,44,-6.38
BGAUSS AUTO PRIVATE LIMITED,11454,10711,-6.49
TATA PASSENGER ELECTRIC MOBILITY LTD,38580,35830,-7.13
ZENIAK INNOVATION INDIA LTD,2836,2626,-7.4
AUTOECO GREEN ENERGY PVT LTD,578,524,-9.34
SINGH AUTOMOBILES,359,322,-10.31
DHAR IN PVT LTD,29,26,-10.34
GREEN TECHNOLOGIES,221,198,-10.41
SAHNIANAND E VEHICLES PVT LTD,5788,5074,-12.34
ERISHA E MOBILITY PVT LTD,56,49,-12.5
INDIA SAFE ENTERPRISE,276,241,-12.68
RCJ AUTO FORGE PVT LTD,609,530,-12.97
SUNARIYA MOTORS PVT LTD,36,31,-13.89
ZENTHIUM EV PVT LTD,718,612,-14.76
ADITYA SAI INDUSTRIES,179,152,-15.08
VIMAL UNIVERSAL TRADE PVT LTD,831,704,-15.28
RAYON ENGINEERS,1176,990,-15.82
BESTWAY BANARASH,12,10,-16.67
KRISHNA ENGINEERING WORKS,904,748,-17.26
SURYA INTERNATIONAL,16,13,-18.75
EULER MOTORS PVT LTD,2598,2106,-18.94
JAJODIA COMMODITIES PVT LTD,950,770,-18.95
SSEV ENTERPRISES PRIVATE LIMITED,767,620,-19.17
SWARNCHAKRA AUTOMOBILES PVT LTD,5,4,-20.0
NRJ ELECTRIC MOTOR VEHICLES PVT LTD,2650,2110,-20.38
OLA ELECTRIC TECHNOLOGIES PVT LTD,267355,211273,-20.98
SHRI BARSANA E-VEHICLES PVT LTD,4088,3224,-21.14
VIJAYSHREE AUTOCOM LIMITED,181,142,-21.55
VRINDA ENTERPRISES,1080,847,-21.57
HOP ELECTRIC MOBILITY PVT LTD,209,163,-22.01
ELITE AUTO ENGINEERS PVT LTD,1200,934,-22.17
MOVE STONE SERVICES PVT LTD,2965,2297,-22.53
HOVEL CYLINDER PVT LTD,62,48,-22.58
SETH INDUSTRIAL CORPORATION,911,700,-23.16
BALAN ENGINEERING PVT LTD,146,112,-23.29
TSM ENGINEERING PVT LTD,296,227,-23.31
SHIV OM INDIA,197,151,-23.35
SATHI MOTORS ELECTRIC VEHICLE PVT LTD,2831,2169,-23.38
GREAVES ELECTRIC MOBILITY PVT LTD,24045,18424,-23.38
EXTRA FAST SOLUTIONS,614,470,-23.45
BHADAURIA ENTERPRISES,106,81,-23.58
INVVIGORS INDIA,96,73,-23.96
MG MOTOR INDIA PVT LTD,9520,7229,-24.07
BHM INDUSTRIES,1814,1377,-24.09
MAHTAB BODY MAKER,778,590,-24.16
SUPROVA ENTERPRISE,4,3,-25.0
SHAMMI ELECTRONICS,28,21,-25.0
PUBANG ETRON ELECTRIC MOTOR PVT LTD,16,12,-25.0
BAILI MOTOR (IMPORTER:A B MOTOSS EV PVT LTD),4,3,-25.0
KINETIC GREEN ENERGY & POWER SOLUTIONS LTD,12428,9301,-25.16
HOOGHLY MOTORS PVT LTD,3741,2783,-25.61
ECO DYNAAMIC EQUIPMENTS,74,55,-25.68
SGLLINE MOTORS PVT LTD,31,23,-25.81
AVL ELECTRIC VEHICLES PVT LTD,2632,1951,-25.87
LAWAT MOTORS LLP,358,264,-26.26
KALPVRIKSH ELECTOMOBILES CO,288,211,-26.74
ELEPHANTA INDUSTRIES PVT LTD,11,8,-27.27
ARCHIT ENTERPRISES,1077,777,-27.86
U.P. TELELINKS LIMITED,2440,1760,-27.87
MOHAN GENERAL TRADING COMPANY,43,31,-27.91
ALTIER ELECTRIC VEHICLES PVT LTD,2518,1804,-28.36
ANJALI TRADERS,74,53,-28.38
ATUL AUTO LTD,5507,3938,-28.49
JS MOBILEON PVT LTD,950,678,-28.63
UNITED TRANSMOVERS PVT LTD,272,194,-28.68
JUNENG MOTORCYCLE (IMPORTER: ADMS MARKETING),52,37,-28.85
MAC AUTO INDIA,564,401,-28.9
MANITA CITY MOTORS LLP,1810,1280,-29.28
REEP INDUSTRIES PVT LTD,1083,759,-29.92
LAKSHYA AUTO SALES CORPORATION,240,168,-30.0
AUDI AG,143,100,-30.07
FIVE ELEMENTS,119,83,-30.25
BYD INDIA PRIVATE LIMITED,2012,1401,-30.37
SUPERTECH EV LIMITED,2020,1391,-31.14
INDIAN MOTORS,2035,1399,-31.25
SEN AND PANDIT VOLTAGE CONTROL PVT LTD,54,37,-31.48
T U K INDUSTRIES,2845,1948,-31.53
ATUT SANGAM,2335,1593,-31.78
KAPTECH INDIA PVT LTD,1846,1242,-32.72
DE EUSI MOTORS PVT LTD.,1563,1048,-32.95
VITAN JAGADA AUTOMOBILE PVT LTD,3,2,-33.33
JIANGSU XINRI (IMPORTER: NISIKI TECHNOLOGIES),3,2,-33.33
HOMFEEL VEGH AUTOMOBILES PVT LTD,6,4,-33.33
GRINDIA G MOTORS PVT LTD,3,2,-33.33
REVOLT INTELLICORP PVT LTD,6976,4650,-33.34
CHAUHAN AUTO INDUSTRIES,571,380,-33.45
OMEGA SALES & AGRO INDUSTRIES,283,188,-33.57
SHAKTI AUTO GREEN,787,522,-33.67
SYNDICATE AUTO COMPONENTS,77,51,-33.77
WUXI SAIGE (IMPORTER: WARIVO MOTOR),426,282,-33.8
KHALSA E-VEHICLES PVT LTD,8478,5591,-34.05
DYS IMPEX PRIVATE LIMITED,751,495,-34.09
ECO SMART VEHICLES PVT LTD,1245,816,-34.46
CHEHAK BATTERIES,290,190,-34.48
JAI SRI RAM ELECTRIC VEHICLE MANUFACTURING PVT LTD,165,108,-34.55
OK PLAY INDIA LTD,125,81,-35.2
RUTBA PRODUCT PVT LTD,629,405,-35.61
VIJAYS COOLMAX PRIVATE LIMITED,4807,3091,-35.7
ANCHI MOTORCYCLE (IMPORTER: YED ELECTRIC),61,39,-36.07
A K GUPTA & CO.,563,355,-36.94
GOPAL AUTO MOTORS PVT LTD,1494,939,-37.15
BAGHWAN RIKSHAW UDYOG,40,25,-37.5
NHD MOTORS,326,202,-38.04
ANCHI MOTORCYCLE(IMPORTER:GREEN FUEL ALTERNATIVES),13,8,-38.46
SHRI NAMO ELECTRIC AUTOMOTIVE,645,395,-38.76
MARUTHISAN PVT LTD,147,90,-38.78
ENERGY ELECTRIC VEHICLES,11080,6782,-38.79
PIAGGIO VEHICLES PVT LTD,21089,12877,-38.94
BAJAJ IMPLEMENTS PVT. LTD,947,575,-39.28
REPUBLIC MOTORS,237,143,-39.66
WUXI TENGHUI (IMPORTER: SEEKA E MOTORS),278,167,-39.93
SHINME ELECTRICAL VEHICLE PVT LTD,120,72,-40.0
WUXI SAIGE ELECTRIC (IMPORTER: DELTA AUTOCORP LLP),182,109,-40.11
M.K. ENTERPRISES,1097,657,-40.11
GRD MOTORS,3411,2043,-40.11
DASHMESH TRADERS,122,73,-40.16
UNIQUE INTERNATIONAL,13575,8121,-40.18
K T ENTERPRISES,156,93,-40.38
UNIQUE ENTERPRISES,3580,2132,-40.45
UMA MOTORS,211,125,-40.76
TVS MOTOR COMPANY LTD,166677,98615,-40.83
ALLFINE INDUSTRIES PVT LTD,10751,6317,-41.24
URWASHI ENTERPRISES,355,208,-41.41
TORK MOTORS PVT LTD,1589,931,-41.41
YC ELECTRIC VEHICLE,40796,23892,-41.44
VANI ELECTRIC VEHICLES PVT LTD,7832,4577,-41.56
SHALYA AUTO SALES PVT LTD,617,360,-41.65
EVBHARAT RANGE PRIVATE LIMITED,31,18,-41.94
MERCEDES-BENZ INDIA PVT LTD,193,112,-41.97
BALI AUTO INDUSTRIES,274,159,-41.97
HOTAGE INDIA,12840,7423,-42.19
AJAY MOTORS PRIVATE LIMITED,190,109,-42.63
SAMRAT ELECTRIC VEHICLE,677,386,-42.98
PARI METRO E RICKSHAW,904,514,-43.14
N0VA AUTOMOTIVE TECHNOLOGIES PVT. LTD,4925,2796,-43.23
SUMFONL AUTO TRADERS PVT LTD,286,162,-43.36
ZOHAN TRADERS AND BIG METRO,131,74,-43.51
SKS TRADE INDIA PVT LTD,10078,5688,-43.56
TERRA MOTORS INDIA PVT LTD,8810,4959,-43.71
PORSCHE AG GERMANY,96,54,-43.75
J. S. AUTO (P) LTD,11165,6278,-43.77
PARAS INDUSTRIES,3247,1822,-43.89
SAERA ELECTRIC AUTO PVT LTD,29323,16408,-44.04
ATHER ENERGY PVT LTD,104735,58547,-44.1
VOLVO AUTO INDIA PVT LTD,570,317,-44.39
HUNDAL INDUSTRIES,1011,562,-44.41
VISHAL ENTERPRISES,36,20,-44.44
ELECTRECA VEHICLES,72,40,-44.44
AMBIKA INDUSTRIES,1910,1060,-44.5
EXIDE INDUSTRIES LTD,2379,1318,-44.6
STAR IGLOBAL AUTOMOTIVE PVT LTD,570,315,-44.74
FEDE INDUSTRIES PVT LTD,900,496,-44.89
E-MOTION AUTOMOTIVE INDUSTRY LLP,470,259,-44.89
R3 ENTERPRISES,501,276,-44.91
ACCRETION POWER AUTOS,598,329,-44.98
FIADO INDUSTRIES PVT LTD,106,58,-45.28
AVON CYCLES LTD,784,429,-45.28
TWASHTRE AUTOMOTIVE PVT LTD,11,6,-45.45
STAR BULL E MOTORS,2077,1133,-45.45
VIJAYA ELECTRIC AUTO PVT LTD,256,138,-46.09
ALTIUS TECHNOLOGIES,13,7,-46.15
THUKRAL ELECTRIC BIKES PVT LTD,7319,3932,-46.28
ATTOLENT AUTO GROUP PVT LTD,760,408,-46.32
NEEDLE EYE PLASTIC INDUSTRIES PVT LTD,667,357,-46.48
MAA SHAKTI EXIM PVT LTD,2571,1373,-46.6
KCAS ELECTRIC VEHICLES PVT LTD,197,105,-46.7
ROARLEO MOTOR PVT LTD,338,180,-46.75
RAJ AUTOMOTIVE,99,52,-47.47
A P I MOTORS PVT LTD,279,146,-47.67
BHAVE ELECTRIC VEHICLES PVT LTD,2682,1398,-47.87
TWO FRIENDS AUTO ELECTRIC CO,3848,2002,-47.97
G.K. RICKSHAW,5514,2850,-48.31
A.V.AUTOMOTIVES PVT LTD,1309,674,-48.51
FIRST CHOICE ELECTRIC VEHICLES PVT LTD,546,281,-48.53
HIM TEKNOFORGE LTD,624,321,-48.56
ZESAR MOTORS PVT LTD,37,19,-48.65
GREEN STAR MOTORS,345,176,-48.99
M/S SHRIRAM AUTO TECH PVT LTD,3637,1852,-49.08
APM AUTO SALES,778,395,-49.23
DELTA AUTOCORP LLP,2466,1246,-49.47
SUPREME SMART POWER PVT LTD,434,219,-49.54
ENGTIAN ELECTRIC BIKE PVT LTD,472,237,-49.79
KGN,339,170,-49.85
BRIGHT AUTOZONE PVT LTD,3695,1853,-49.85
RACCOON MOTORS PVT LTD,18,9,-50.0
NEELAM CYCLE,42,21,-50.0
KADESEETLA AASHIRWAD GP INDUSTRIES PVT LTD,8,4,-50.0
K. V. INDUSTRIES,38,19,-50.0
HSU DRAGON (IMPORTER: DARK FIGHT POWER PVT LTD),2,1,-50.0
ADAPT MOTORS PVT LTD,4,2,-50.0
KLB KOMAKI PVT LTD,4177,2082,-50.16
MONDAL TRADING,77,38,-50.65
TAURUS ELECTRIC VEHICLES,346,170,-50.87
ARROW AUTOMOTIVE,3958,1925,-51.36
GREENWHEELS AUTOMOBILE PVT LTD,872,424,-51.38
JESSUN TECHNO PVT LTD,208,101,-51.44
DAKSH INDUSTRIES,5925,2871,-51.54
YANGGUANG LINGMU (IMPORTER: REMARK ELECTRIC),27,13,-51.85
JUNENG MOTORCYCLE (IMPORTER: ISCOOT MOTERS),212,102,-51.89
JAISIK BUSINESS LINKS PVT LTD,600,287,-52.17
GREEN TACK EMPALA ELECTRIC MOTOR COMPANY,46,22,-52.17
LECTRIX EV PVT LTD,13495,6447,-52.23
WHITE CARBON MOTORS PVT LTD,42,20,-52.38
DUKE AUTO INDIA,934,444,-52.46
ARD EXIM,61,29,-52.46
DILLI ELECTRIC AUTO PVT LTD,25076,11832,-52.82
HYUNDAI MOTOR INDIA LTD,1606,757,-52.86
JITENDRA TEMPO PARTS,740,348,-52.97
PCA AUTOMOBILES INDIA PVT LTD,1950,916,-53.03
LOHIA AUTO INDUSTRIES,1644,770,-53.16
SPEEGO VEHICLES CO PVT LTD,4770,2228,-53.29
TUFAN MOTORS PVT LTD,987,460,-53.39
TOP TEAM MACHINES PVT LTD,1743,809,-53.59
PARI E-VEHICLES,572,265,-53.67
SINGHAL ENTERPRISES,136,63,-53.68
OM RAJ AUTOTECH LLP,1203,550,-54.28
WUXI TENGHUI (IMPORTER: FEZORA INDIA),35,16,-54.29
PRAG MOTORS,206,94,-54.37
SHRIRAJ ELECTRIC VEHICLES,2726,1240,-54.51
WUXI TENGHUI (IMPORTER: FRANKLIN EV INDIA),22,10,-54.55
SSB INDISTRIES,2248,1021,-54.58
G & G AUTOMOTIVE,1430,648,-54.69
BMW INDIA PVT LTD,1309,591,-54.85
CEEON INDIA,874,394,-54.92
MANISH EV INTERNATIONAL PRIVATE LIMITED,433,195,-54.97
RIBAND ELECTRIC PVT LTD,496,223,-55.04
SUPER METRO INDUSTRIES,1198,538,-55.09
BEST WAY AGENCIES PVT LTD,7902,3545,-55.14
BOUNCE ELECTRIC 1 PVT LTD,3565,1598,-55.18
CHAMPION POLY PLAST,14877,6654,-55.27
KUMAR ENGINEERING,2469,1100,-55.45
JAGUAR LAND ROVER INDIA LIMITED,9,4,-55.56
MINI METRO EV L.L.P,15963,7092,-55.57
SRD RENEWABLES,2121,941,-55.63
BATTRE ELECTRIC MOBLITY PVT LTD,4139,1836,-55.64
OM BALAJEE AUTOMOBILE ( INDIA) PVT. LTD,3304,1461,-55.78
PRIDE E-MOTORS,500,220,-56.0
REFLEX CONTROL SYSTEM PVT .LTD,96,42,-56.25
PUR ENERGY PVT LTD,7191,3143,-56.29
HOP MOTORS PVT LTD,785,340,-56.69
GODAWARI TECHNO SOLUTIONS PVT LTD,74,32,-56.76
WUXI TENGHUI (IMPORTER: HOP ELECTRIC MOBILITY),389,168,-56.81
ANCHI MOTORCYCLE  (IMPORTER: ECOTRINITY AUTOMOBILE,51,22,-56.86
HINDUSTAN MOTOR CORPORATION,1367,580,-57.57
VICTORY ELECTRIC INTERNATIONAL,3319,1402,-57.76
PORFITEL TECHNOLOGY (IMPORTER: AERORIDE),214,89,-58.41
EXTREME MOTORS,218,90,-58.72
JAIN POWER CORP,143,59,-58.74
DHAR INTERNATIONAL,34,14,-58.82
KYTE ENERGY PVT. LTD.,540,218,-59.63
NEW ARCANA INDIA,1253,502,-59.94
WUXI NOOMA (IMPORTER: SMARTNK  ELECTRIC VEHICLE),10,4,-60.0
WUXI DONGMA (IMPORTER: DYNAM PRECISION),15,6,-60.0
SPEEDWAYS ELECTRIC,5,2,-60.0
SITYOG ENGINEERING PVT LTD,5,2,-60.0
KAINING (HONGKONG) (IMPORTER: TOXMO ELECTRIC),5,2,-60.0
RAMON INDUSTRIES,114,45,-60.53
KABMAX ELECTRIC AUTOMOBILES PVT. LTD,479,189,-60.54
DIVYA ENTERPRISES,1026,403,-60.72
KIA INDIA PRIVATE LIMITED,438,172,-60.73
AADHYA ENTERPRISES,797,312,-60.85
GKON ELECTRIC MOTOR VEHICLES PVT LTD,711,277,-61.04
DIAMOND E VEHICLES,604,234,-61.26
DAVE EXIM PVT LTD,311,120,-61.41
CYRUS AUTO INDUSTRIES PVT LTD,96,37,-61.46
GREEN IMPEX,442,169,-61.76
AMBIKA ENTERPRISES,145,55,-62.07
ALTIUS EV TECH PVT LTD,37,14,-62.16
BABA E-VEHICLES,1363,515,-62.22
ALTIGREEN PROPULSION LABS PVT LTD,2519,945,-62.49
ZAP (HK) (IMPORTER: IZANAU ELECTRIC),128,48,-62.5
J P AUTO TECH,80,30,-62.5
ANCHI MOTORCYCLE (IMPORTER: EVNEXUS PVT. LTD.),8,3,-62.5
JAIDKA POWER SYSTEMS PVT LTD,163,61,-62.58
SAKSHAM TECH AUTOMOBILES,175,65,-62.86
PARVEEN AUTO,65,24,-63.08
KIRTI SOLAR LTD,19,7,-63.16
FSTMOTO (IMPORTER: AUTOICARE INNOVATION),57,21,-63.16
E ROYCE MOTORS INDIA PVT LTD,1301,479,-63.18
WUXI SAIGE (IMPORTER: DM GREEN ENERGY),68,25,-63.24
SUNULTRA POWER SOLUTIONS PVT LTD,142,52,-63.38
M G INDUSTRIES,145,53,-63.45
UMA  AUTO INDUSTRIES PVT. LTD,137,50,-63.5
TUNWAL E MOTORS PVT LTD,44,16,-63.64
SBTEK E MOTO PVT LTD,22,8,-63.64
JIANGSU DALONG (IMPORTER: ENGTIAN ELECTRIC),11,4,-63.64
GREEN VALLEY MOTORS,11,4,-63.64
SEALION AUTOMOBILE PVT LTD,36,13,-63.89
ANJALI AUTO COMPONENTS,61,22,-63.93
BENTINCK INDUSTRIES PVT. LTD.,382,137,-64.14
E-ASHWA AUTOMOTIVE PVT LTD,240,86,-64.17
GAYATRI ELECTRIC VEHICLES,2950,1053,-64.31
ELTHOR ENERGY PRIVATE LIMITED,230,82,-64.35
VENUS AUTO WHEELS PVT LTD,574,204,-64.46
SKYRIDE AUTOMOTIVE,40,14,-65.0
JIANGSU DALONG (IMPORTER: KINGCHE MOBILITY),20,7,-65.0
S AND J INDUSTRIES,126,44,-65.08
PURVA UDYOG PVT LTD,23,8,-65.22
QICHENG VEHICLE (IMPORTER: AUTOICARE INNOVATION),81,28,-65.43
VEECTERO E VEHICLES LLP,171,59,-65.5
APARNA INDUSTRIES,87,30,-65.52
KAMAZ INDUSTRIES,122,42,-65.57
SONI E VEHICLE PVT LTD,64,22,-65.63
RAHUL AGRO EXPORTS PVT LTD,124,42,-66.13
SHIGAN EVOLTZ LTD,431,145,-66.36
WUXI TENGHUI (IMPORTER: REMARK ELECTRIC),12,4,-66.67
SIWACH STEEL PVT LTD,24,8,-66.67
SHREYA ENGINEERS,9,3,-66.67
HITECH  MECHANICAL WORKS,12,4,-66.67
GREEN WAY ECO RIDE,3,1,-66.67
BIJNOR ENTERPRISES,72,24,-66.67
ASHLESHA POWER CONTROLS PVT LTD,6,2,-66.67
KUKU AUTOMOTIVES,570,189,-66.84
SUPERECO AUTOMOTIVE CO,262,86,-67.18
CITYGREEN AUTO & PETRO CHEMICALS (P) LTD,930,301,-67.63
EFEV CHARGING SOLUTION PVT LTD,526,170,-67.68
WUXI TOURWE (IMPORTER: GOREEN E-MOBILITY),316,102,-67.72
JIANGSU GUOWEI (IMPORTER: REVEAL ELECTRIC),31,10,-67.74
KPT MOTORS,81,26,-67.9
C M OVERSEAS,50,16,-68.0
SHREE MARUTI NANDAN BUSINESSS (P) LTD,307,98,-68.08
SAI SAMEER POWER ELECTRIC VEHICLES PVT LTD,22,7,-68.18
NIRMAL UTILITY SERVICES PVT LTD,22,7,-68.18
NUMEROS MOTORS PVT LTD,473,150,-68.29
IRA EDUTECH PVT LTD,19,6,-68.42
NIPUN SANYANTRA PVT LTD,439,138,-68.56
GOREEN E-MOBILITY PVT LTD,3040,952,-68.68
TRISHIKA INDUSTRIES,1361,422,-68.99
IVOOMI INNOVATION PVT LTD,2154,668,-68.99
LEOPAN MOTORS PRIVATE LIMITED,13,4,-69.23
SAINIK CYCLE MART,36,11,-69.44
TSR TRADE COM,30,9,-70.0
OGATA MOTORS INDIA PVT LTD,157,47,-70.06
PANTHER ELECTRIC VEHICLES,77,23,-70.13
TWINKLE TRADCOM PVT LTD,1505,449,-70.17
PRAAKARM AUTO & CONSTRUCTION EQUIPMENTS,101,30,-70.3
DIVANSU AUTOMOBILES LTD,145,43,-70.34
SF2 E VEHICLE PVT LTD,49,14,-71.43
PATS MOTOR CORP,21,6,-71.43
NDS ECO MOTORS PVT LTD,7,2,-71.43
CITADEL ENTERPRISES(OPC) PVT LTD,28,8,-71.43
OKAYA EV PVT LTD,15816,4387,-72.26
VEANCO AUTOMOTIVES PVT LTD,11,3,-72.73
TAO POWER PRIVATE LIMITED,11,3,-72.73
KPT INDUSTRIES LTD,11,3,-72.73
KRISHNA VEHICALS,335,91,-72.84
ULTRAVIOLETTE AUTOMOTIVE PVT LTD,256,69,-73.05
LORDS VEHICLE MFG PVT LTD,186,50,-73.12
PACE AGRO PRIVATE LIMITED,41,11,-73.17
WUXI SAIGE (IMPORTER: E-VISHWA ELECTOBIKE),15,4,-73.33
JITENDRA NEW EV-TECH PVT. LTD,2651,692,-73.9
IZANAU ELECTRIC LLP,51,13,-74.51
DAO EVTECH PRIVATE LIMITED,283,72,-74.56
YANGGUANG LINGMU (IMPORTER: ECOINDIA),4,1,-75.0
WASAN E-MOBILITY SOLUTIONS PVT LTD,80,20,-75.0
RAJESH STEEL AND WIRE INDUSTRIES,8,2,-75.0
NGAGE WHEEL PVT LTD,40,10,-75.0
FUJIYAMA POWER INFRA PVT. LTD.,16,4,-75.0
AFTEK MOTORS INDIA PVT LTD,138,34,-75.36
VISHALA E-VEHICLES INDUSTRIES PRIVATE LIMITED,92,22,-76.09
KAINING (HONGKONG) (IMPORTER: ENIGMA AUTOMOBILES),51,12,-76.47
WUXI JIYAYI (IMPORTER: IZANAU ELECTRIC LLP),275,64,-76.73
SPEED AUTO TECH,87,20,-77.01
EVTRIC MOTORS PVT LTD,540,123,-77.22
EDMRC MANNSCHAFT LLP,89,20,-77.53
AYAAN ELECTRONIC PVT LTD,112,25,-77.68
AARGEE ELECTRIC,18,4,-77.78
ZAP (IMPORTER:ELLYSIUM AUTOMOTIVES PVT LTD),32,7,-78.13
EVEX AUTO INDIA PVT LTD,166,36,-78.31
ISUKII GREENS PVT LTD,65,14,-78.46
JOYRAM STEEL FABRICATION WORKS,14,3,-78.57
RGM BUSINESS PLUS PVT LTD,822,176,-78.59
ECO FUEL SYSTEMS (I) PVT LTD,595,127,-78.66
JADE KOREA SPINE LIFE,113,24,-78.76
CHANDANA CORPORATION,501,106,-78.84
ATUMOBILE PVT LTD,105,22,-79.05
SVS ENTERPRISES,84,17,-79.76
ZHEJIANG LUYUAN (IMPORTER: DYNAM EV TECH),45,9,-80.0
VISHWARUP ENTERPRISE,10,2,-80.0
MALI ENTERPRISES PVT LTD,10,2,-80.0
JIANGSU SUNHOU (IMPORTER: SABOO TOR),10,2,-80.0
JIANGSU DALONG (IMPORTER:TYLOS ELECTRIC VEHICLES),50,10,-80.0
OMJAY EV LIMITED,67,13,-80.6
TYST DRIVE INDIA PVT LTD,31,6,-80.65
EPOWER VEHICLES PVT LTD,31,6,-80.65
HYKON INDIA LTD,91,17,-81.32
ODYSSE ELECTRIC VEHICLES PVT LTD,210,39,-81.43
HI-TECH INDUSTRIES,122,21,-82.79
HONGKONG YIXING (IMPORTER: VICTORY ELECTRIC),18,3,-83.33
KABIRA MOBILITY LLP,165,27,-83.64
WUXI TENGHUI (IMPORTER: BOHRE ELECTRIC),37,6,-83.78
RIYA ENTERPRISE,31,5,-83.87
OZOTEC AUTOMOBILE PRIVATE LIMITED,351,56,-84.05
OTHERS,1671,263,-84.26
EXERVAL PVT LTD,83,13,-84.34
HOUSTAN INNOVATION LLP,32,5,-84.38
CONTINENTAL ENGINES PVT LTD,2749,425,-84.54
JIANGSU ZHEENAIDA (IMPORTER: KLB GLOBAL),799,121,-84.86
NISIKI TECHNOLOGIES PVT LTD,164,23,-85.98
BENLING INDIA ENERGY AND TECHNOLOGY PVT LTD,3005,402,-86.62
SMAP VEHICLES (IMPORTER: ELEGO MOTORS),15,2,-86.67
MAHINDRA & MAHINDRA LIMITED,42447,5636,-86.72
ADRIS ELECTRIC PVT LTD,61,8,-86.89
JIANGSU XINRI E-VEHICLE(IMPORTER SWIFT CUR.TECH.),85,11,-87.06
ARNA ELECTRIC AUTO PVT LTD,590,76,-87.12
WUXI TENGHUI (IMPORTER: JAIDKA POWER),8,1,-87.5
OKINAWA AUTOTECH PVT LTD,31617,3893,-87.69
MIRAKLE 5 AUTOMOBILES PVT LTD,102,12,-88.24
FITWEL MOBILITY PVT LTD,17,2,-88.24
AADITYA GARBAGE PRODUCTS PVT LTD,34,4,-88.24
V.V.A.AUTO INDUSTRIES PVT.LTD,26,3,-88.46
ALBEDO VISION PVT LTD,39,4,-89.74
GALVANIC AUTO PVT LTD,188,19,-89.89
TRUPART AUTOMOTIVE INDIA PVT LTD,10,1,-90.0
ZHEJIANG TIANYING  (IMPORTER: NEWTRON ELECTRIC),64,6,-90.63
3EV INDUSTRIES PVT LTD,545,51,-90.64
AUTOLITE (INDIA) LIMITED,11,1,-90.91
GRAM TARANG EMPLOYABILITY TRAINNING SERVICES P LTD,136,11,-91.91
VICTORIA E VEHICLES PVT. LTD,25,2,-92.0
GOENKA ELECTRIC MOTOR VEHICLES PVT LTD,462,36,-92.21
HERO ELECTRIC VEHICLES PVT. LTD,29964,2211,-92.62
ETRIO AUTOMOBILES PVT LTD,84,6,-92.86
THE COMMERCIAL MOTORS LIMITED,58,4,-93.1
KALINGA VENTURES INDIA PVT LTD,139,9,-93.53
YANGGUANG LINGMU (IMPORTER: DAWNGATE BUSINESS),16,1,-93.75
D S INDUSTRIES,32,2,-93.75
KUMARAN ENGINEERING ENTERPRISES,244,15,-93.85
BLIX CYCLES AND E-VEHICLES PVT LTD,65,4,-93.85
WUXI SAIGE ELECTRIC (IMPORTER: GLORIOUS DIGITAL),54,3,-94.44
JAL ENTERPRISES,38,2,-94.74
AMO MOBILITY SOLUTIONS PVT LTD,1574,80,-94.92
ELECTRIC ALLIANCE(IMPORTER: ELLYSIUM AUTOMOTIVES),43,2,-95.35
DSF INDUSTRIES PVT LTD,26,1,-96.15
BRIGHT METAL WORKS,31,1,-96.77
MEW ELECTRICALS LIMITED,195,6,-96.92
JIANGSU AIMA (IMPORTER: QUANTUM ENERGY),454,13,-97.14
GURUKIRPA INDUSTRIES,37,1,-97.3
TATA MOTORS PASSENGER VEHICLES LTD,21420,490,-97.71
AMPERE VEHICLES PRIVATE LIMITED,42903,857,-98.0
SARAVANA ENGINEERING WORKS,204,4,-98.04
AUTOHAUS PRIVATE LIMITED,103,2,-98.06
MAHI ENTERPRISES,60,1,-98.33
MAHINDRA ELECTRIC MOBILITY LIMITED,5005,58,-98.84
CHETAK TECHNOLOGY LIMITED,4851,4,-99.92
YANGGUANG LINGMU (IMPORTER: DURGA FILTERS),9,0,-100.0
XXPLORE AUTOMOTIVE PVT. LIMITED,6,0,-100.0
XXPLORE AUTOMATIVE PVT LTD,2,0,-100.0
V.T. ENGINEERING,9,0,-100.0
U P TELELINKS LTD,3,0,-100.0
TEJASGREEN AUTOMOTIVE PVT LTD,1,0,-100.0
SUPERECO AUTOMOTIVE CO LLP,1,0,-100.0
SRIVARU MOTORS PVT LTD,24,0,-100.0
SPEEGO VEHICLES PVT. LTD,12,0,-100.0
SMITH MOTORS PVT LTD,4,0,-100.0
SMARTOMATIC VEHICLES PRIVATE LIMITED,2,0,-100.0
SKS AUTOMOBILES (I) PVT LTD,2,0,-100.0
SHRI RAM AUTO TECH PVT LTD,3,0,-100.0
SAURYAA SHARYO CORPORATION,2,0,-100.0
RSD SECURITY SOLUTIONS PVT LTD,1,0,-100.0
RENAULT INDIA PVT LTD,2,0,-100.0
RD AND CO,1,0,-100.0
RAJA ARTS HITECH ENGINEERING,1,0,-100.0
PAARTH SARTHI AUTOMOTIVE ENGINEERS PVT LTD,11,0,-100.0
OM BALAJI AUTOMOBILES I P LTD,9,0,-100.0
OLECTRA GREENTECH LTD,12,0,-100.0
NIBE MOTORS PVT LTD,19,0,-100.0
NEWTON INDIA INDUSTRIES PVT LTD,5,0,-100.0
NAND ELECTRIC MOTOR VEHICLE PVT LTD,3,0,-100.0
MINI METRO,97,0,-100.0
MARINE NAVAIDS & SOLAR AUTO PVT LTD,4,0,-100.0
MACNEILL ENGINEERING LIMITED,2,0,-100.0
MAA LUXMI E-VEHICLES PVT. LTD.,4,0,-100.0
M2GO ELECTRIC VEHICLE PVT LTD,2,0,-100.0
LOHIA AUTO INDUSTRIES LTD.,20,0,-100.0
LOCAL TRAILER MANUFACTURER,11,0,-100.0
LI-IONS ELEKTRIK SOLUTIONS PVT LTD,5,0,-100.0
LAWAT MOTORS,1,0,-100.0
LAKSHMI AUTO TRADERS,15,0,-100.0
KRISHNA INDUSTRIES,5,0,-100.0
KINETIC GREEN ENERGY P SOL LTD,58,0,-100.0
KHALSA  AGRO INDUSTRIES,3,0,-100.0
KALIKA VAHAN PVT LTD,2,0,-100.0
JIANGSU DALONG JIANHAO (IMPORTER: GREEN INDIA),1,0,-100.0
JIANGSU DALONG (IMPORTER: RILOX EV PVT LTD),2,0,-100.0
JAYDEV ENTERPRISE,6,0,-100.0
J S MOBILEON PVT LTD,7,0,-100.0
HAYASA E-MOBILITY (INDIA) PVT LTD,4,0,-100.0
HAARISH AUTOMOTIVES (OPC) PRIVATE LIMITED,11,0,-100.0
GURU JI WHEELS,64,0,-100.0
GREENETICS INDUSTRIES PVT LTD,116,0,-100.0
GOLD HOFER,1,0,-100.0
GOGORO (IMPORTER: GOGORO INDIA PRIVATE LTD),71,0,-100.0
GODREJ AND BOYCE MFG CO LTD,2,0,-100.0
GO GREEN EOT (ENERGY OF THINGS) PVT LTD,11,0,-100.0
GILL AGROTECH,1,0,-100.0
GAURI AUTO INDIA PVT. LTD,1,0,-100.0
GAIA INTERNATIONAL (IMPORTER: NEW ENERGY WAGON),1,0,-100.0
EVERVE MOTORS PVT LTD,1,0,-100.0
ESCORTS KUBOTA LIMITED (AGRI MACHINERY GROUP),5,0,-100.0
ELECTROTHERM (INDIA) LIMITED,4,0,-100.0
ELECTROTECH TRANSMISSION PVT LTD,1,0,-100.0
EEVEE ENGINEERING PVT LTD,1,0,-100.0
ECOYAN ELECTRIC MOTOR VEHICLES PVT LTD,7,0,-100.0
DURGA FILTERS PVT LTD,2,0,-100.0
DD AUTO PVT LTD,2,0,-100.0
CHARUVIKRAM AUTOMOBILE PVT LTD,6,0,-100.0
BHARAT MANUFACTURING & ASSEMBLING E RIKSHA,2,0,-100.0
BESTWAY AGENCIES PVT LTD,33,0,-100.0
AVON CYCLE LTD INDIA,10,0,-100.0
ATOMEX E-MOTORS INDIA PVT LTD,1,0,-100.0
ANKUSH AUTO DEALS,5,0,-100.0
ANCHI MOTORCYCLE (IMPORTER:HINDUSTAN EV MOTORS),1,0,-100.0
AMPERE VEHICLES PVT LTD,8,0,-100.0
ADITYA ENTERPRISES,1,0,-100.0
A K AUTTO ELECTRICAL,2,0,-100.0
