Maker,total_sales,market_share_percent
OLA ELECTRIC TECHNOLOGIES PVT LTD,588266,13.31
TVS MOTOR COMPANY LTD,318445,7.2
ATHER ENERGY PVT LTD,236387,5.35
HERO ELECTRIC VEHICLES PVT. LTD,201785,4.56
BAJAJ AUTO LTD,198498,4.49
OKINAWA AUTOTECH PVT LTD,196182,4.44
YC ELECTRIC VEHICLE,152951,3.46
AMPERE VEHICLES PRIVATE LIMITED,141805,3.21
SAERA ELECTRIC AUTO PVT LTD,87481,1.98
MAHINDRA & MAHINDRA LIMITED,84794,1.92
TATA PASSENGER ELECTRIC MOBILITY LTD,74410,1.68
DILLI ELECTRIC AUTO PVT LTD,69966,1.58
OTHERS,68108,1.54
CHAMPION POLY PLAST,53493,1.21
TATA MOTORS PASSENGER VEHICLES LTD,52520,1.19
MAHINDRA LAST MILE MOBILITY LTD,46534,1.05
MINI METRO EV L.L.P,44250,1.0
PIAGGIO VEHICLES PVT LTD,43783,0.99
GREAVES ELECTRIC MOBILITY PVT LTD,42879,0.97
UNIQUE INTERNATIONAL,41615,0.94
PUR ENERGY PVT LTD,37051,0.84
J. S. AUTO (P) LTD,36707,0.83
ENERGY ELECTRIC VEHICLES,35821,0.81
TERRA MOTORS INDIA PVT LTD,34887,0.79
MAHINDRA ELECTRIC MOBILITY LIMITED,34807,0.79
REVOLT INTELLICORP PVT LTD,33818,0.76
THUKRAL ELECTRIC BIKES PVT LTD,32845,0.74
KINETIC GREEN ENERGY & POWER SOLUTIONS LTD,32106,0.73
HERO MOTOCORP LTD,31489,0.71
BEST WAY AGENCIES PVT LTD,30985,0.7
VANI ELECTRIC VEHICLES PVT LTD,30809,0.7
ALLFINE INDUSTRIES PVT LTD,29243,0.66
OKAYA EV PVT LTD,29116,0.66
HOTAGE INDIA,28893,0.65
LECTRIX EV PVT LTD,27821,0.63
SKS TRADE INDIA PVT LTD,27494,0.62
BGAUSS AUTO PRIVATE LIMITED,24148,0.55
MG MOTOR INDIA PVT LTD,23343,0.53
KHALSA E-VEHICLES PVT LTD,22263,0.5
G.K. RICKSHAW,22111,0.5
BENLING INDIA ENERGY AND TECHNOLOGY PVT LTD,21862,0.49
TATA MOTORS LTD,20504,0.46
M/S SHRIRAM AUTO TECH PVT LTD,15910,0.36
SPEEGO VEHICLES CO PVT LTD,15773,0.36
VICTORY ELECTRIC INTERNATIONAL,15735,0.36
MAA SHAKTI EXIM PVT LTD,15717,0.36
JITENDRA NEW EV-TECH PVT. LTD,15543,0.35
ATUL AUTO LTD,14988,0.34
HOOGHLY MOTORS PVT LTD,14893,0.34
OM BALAJEE AUTOMOBILE ( INDIA) PVT. LTD,14595,0.33
WARDWIZARD INNOVATIONS & MOBILITY LIMITED,14410,0.33
BRIGHT AUTOZONE PVT LTD,13443,0.3
DAKSH INDUSTRIES,13176,0.3
GRD MOTORS,12499,0.28
ZENIAK INNOVATION INDIA LTD,12261,0.28
SAHNIANAND E VEHICLES PVT LTD,11995,0.27
OMEGA SEIKI PVT LTD,11614,0.26
SHRI BARSANA E-VEHICLES PVT LTD,11364,0.26
ARROW AUTOMOTIVE,11228,0.25
KLB KOMAKI PVT LTD,11168,0.25
GOREEN E-MOBILITY PVT LTD,10839,0.25
TWO FRIENDS AUTO ELECTRIC CO,10431,0.24
N0VA AUTOMOTIVE TECHNOLOGIES PVT. LTD,10355,0.23
BOUNCE ELECTRIC 1 PVT LTD,9677,0.22
U.P. TELELINKS LIMITED,9309,0.21
VIJAYS COOLMAX PRIVATE LIMITED,9279,0.21
UNIQUE ENTERPRISES,8834,0.2
HERO ELECTRIC VEHICLE PVT LTD,8338,0.19
AVL ELECTRIC VEHICLES PVT LTD,8309,0.19
DELTA AUTOCORP LLP,8139,0.18
NRJ ELECTRIC MOTOR VEHICLES PVT LTD,7948,0.18
TOP TEAM MACHINES PVT LTD,7840,0.18
SATHI MOTORS ELECTRIC VEHICLE PVT LTD,7641,0.17
ZEOPLUS AXIS INDIA PVT. LTD.,7523,0.17
SHRIRAJ ELECTRIC VEHICLES,7502,0.17
GAYATRI ELECTRIC VEHICLES,6878,0.16
ALTIER ELECTRIC VEHICLES PVT LTD,6814,0.15
T U K INDUSTRIES,6667,0.15
STAR BULL E MOTORS,6664,0.15
KAPTECH INDIA PVT LTD,6628,0.15
LOHIA AUTO INDUSTRIES,6533,0.15
SSB INDISTRIES,6530,0.15
PARAS INDUSTRIES,6513,0.15
BATTRE ELECTRIC MOBLITY PVT LTD,6491,0.15
BHAVE ELECTRIC VEHICLES PVT LTD,6252,0.14
AMBIKA INDUSTRIES,6193,0.14
MOVE STONE SERVICES PVT LTD,6087,0.14
ATUT SANGAM,6067,0.14
EULER MOTORS PVT LTD,5732,0.13
PUBANG ETRON ELECTRIC MOTOR PVT LTD,5616,0.13
QUANTUM ENERGY LTD.,5576,0.13
EXIDE INDUSTRIES LTD,5547,0.13
REEP INDUSTRIES PVT LTD,5494,0.12
NEW ARCANA INDIA,5455,0.12
MEW ELECTRICALS LIMITED,5315,0.12
KUMAR ENGINEERING,5200,0.12
A.V.AUTOMOTIVES PVT LTD,5132,0.12
SUPERTECH EV LIMITED,5117,0.12
INDIAN MOTORS,5061,0.11
SRD RENEWABLES,5045,0.11
CHETAK TECHNOLOGY LIMITED,4855,0.11
GOPAL AUTO MOTORS PVT LTD,4836,0.11
NIC TEST ACCOUNT-1,4792,0.11
G & G AUTOMOTIVE,4735,0.11
BHM INDUSTRIES,4698,0.11
MANITA CITY MOTORS LLP,4678,0.11
CEEON INDIA,4600,0.1
JAJODIA COMMODITIES PVT LTD,4543,0.1
ATTOLENT AUTO GROUP PVT LTD,4504,0.1
OM RAJ AUTOTECH LLP,4475,0.1
DYS IMPEX PRIVATE LIMITED,4458,0.1
M/S CHAMPION POLY PLAST,4435,0.1
TI CLEAN MOBILITY PVT LTD,4413,0.1
TWINKLE TRADCOM PVT LTD,4360,0.1
SHIGAN EVOLTZ LTD,4346,0.1
ALTIGREEN PROPULSION LABS PVT LTD,4312,0.1
GOENKA ELECTRIC MOTOR VEHICLES PVT LTD,4293,0.1
Y.C.ELECTRIC VEHICLE,4218,0.1
KRISHNA ENGINEERING WORKS,4077,0.09
HINDUSTAN MOTOR CORPORATION,4055,0.09
HUNDAL INDUSTRIES,3984,0.09
M.K. ENTERPRISES,3967,0.09
DE EUSI MOTORS PVT LTD.,3909,0.09
CONTINENTAL ENGINES PVT LTD,3909,0.09
CITYGREEN AUTO & PETRO CHEMICALS (P) LTD,3892,0.09
BYD INDIA PRIVATE LIMITED,3868,0.09
TRISHIKA INDUSTRIES,3819,0.09
DAVE EXIM PVT LTD,3798,0.09
BIG BULL TRADER PVT LTD,3729,0.08
GKON ELECTRIC MOTOR VEHICLES PVT LTD,3727,0.08
E ROYCE MOTORS INDIA PVT LTD,3609,0.08
HYUNDAI MOTOR INDIA LTD,3595,0.08
KINETIC GREEN ENERGY P SOL LTD,3573,0.08
NEEDLE EYE PLASTIC INDUSTRIES PVT LTD,3498,0.08
AVON CYCLES LTD,3460,0.08
IVOOMI INNOVATION PVT LTD,3449,0.08
MINI METRO,3391,0.08
GREENWHEELS AUTOMOBILE PVT LTD,3365,0.08
ARCHIT ENTERPRISES,3266,0.07
DIVYA ENTERPRISES,3242,0.07
VRINDA ENTERPRISES,3168,0.07
ELITE AUTO ENGINEERS PVT LTD,3153,0.07
AMO MOBILITY SOLUTIONS PVT LTD,3151,0.07
MAC AUTO INDIA,3087,0.07
RUTBA PRODUCT PVT LTD,3072,0.07
PARI METRO E RICKSHAW,3068,0.07
DUKE AUTO INDIA,3001,0.07
RGM BUSINESS PLUS PVT LTD,2970,0.07
A K GUPTA & CO.,2965,0.07
AMPERE VEHICLES PVT LTD,2947,0.07
PCA AUTOMOBILES INDIA PVT LTD,2866,0.06
ECO SMART VEHICLES PVT LTD,2855,0.06
TORK MOTORS PVT LTD,2840,0.06
SUPER METRO INDUSTRIES,2837,0.06
APSARA ENTERPRISE,2827,0.06
KUKU AUTOMOTIVES,2812,0.06
UNITED TRANSMOVERS PVT LTD,2791,0.06
RAYON ENGINEERS,2782,0.06
JS MOBILEON PVT LTD,2729,0.06
AAHANA COMMERCE PVT LTD,2684,0.06
VENUS AUTO WHEELS PVT LTD,2635,0.06
BABA E-VEHICLES,2629,0.06
SHAKTI AUTO GREEN,2602,0.06
ELECTROTHERM (INDIA) LIMITED,2534,0.06
GREEN IMPEX,2520,0.06
JITENDRA TEMPO PARTS,2492,0.06
JMT VEHICLES PVT LTD,2460,0.06
SKYRIDE AUTOMOTIVE,2434,0.06
ACCRETION POWER AUTOS,2430,0.05
BAJAJ IMPLEMENTS PVT. LTD,2406,0.05
VIMAL UNIVERSAL TRADE PVT LTD,2403,0.05
SHRI NAMO ELECTRIC AUTOMOTIVE,2326,0.05
TUFAN MOTORS PVT LTD,2321,0.05
SETH INDUSTRIAL CORPORATION,2312,0.05
ENTICE IMPEX PVT LTD,2259,0.05
APM AUTO SALES,2257,0.05
ELECTROTHERM (I) LIMITED,2240,0.05
ARNA ELECTRIC AUTO PVT LTD,2236,0.05
SUPERECO AUTOMOTIVE CO,2202,0.05
PARI E-VEHICLES,2161,0.05
PLAUDIT TECHNO INDIA PVT LTD,2151,0.05
BMW INDIA PVT LTD,2069,0.05
BATTERY RICKSHAW SANGH,2021,0.05
GREEN TECHNOLOGIES,1982,0.04
BALI AUTO INDUSTRIES,1948,0.04
LAWAT MOTORS LLP,1919,0.04
SHIV OM INDIA,1904,0.04
JAIDKA POWER SYSTEMS PVT LTD,1861,0.04
ADIDEV TECHNOA PVT LTD,1840,0.04
FEDE INDUSTRIES PVT LTD,1791,0.04
EXTRA FAST SOLUTIONS,1755,0.04
BAXY LTD,1752,0.04
ECO FUEL SYSTEMS (I) PVT LTD,1750,0.04
HIM TEKNOFORGE LTD,1745,0.04
SSEV ENTERPRISES PRIVATE LIMITED,1727,0.04
CHAUHAN AUTO INDUSTRIES,1699,0.04
HOVEL CYLINDER PVT LTD,1696,0.04
ZENTHIUM EV PVT LTD,1671,0.04
AADHYA ENTERPRISES,1649,0.04
AUTOHAUS PRIVATE LIMITED,1575,0.04
ATTOLENT AUTOGROUP PVT LTD,1569,0.04
SHEMA E- VEHCILE & SOLAR PVT LTD,1568,0.04
MAHTAB BODY MAKER,1561,0.04
HI-TECH INDUSTRIES,1559,0.04
NHD MOTORS,1547,0.03
SAMRAT ELECTRIC VEHICLE,1546,0.03
RCJ AUTO FORGE PVT LTD,1475,0.03
NIPUN SANYANTRA PVT LTD,1465,0.03
ELTHOR ENERGY PRIVATE LIMITED,1449,0.03
HOP MOTORS PVT LTD,1446,0.03
KIRTI SOLAR LTD,1427,0.03
JIANGSU ZHEENAIDA (IMPORTER: KLB GLOBAL),1416,0.03
AUTOLITE (INDIA) LIMITED,1379,0.03
SUMFONL AUTO TRADERS PVT LTD,1370,0.03
LOHIA AUTO INDUSTRIES LTD.,1368,0.03
R3 ENTERPRISES,1349,0.03
CHEHAK BATTERIES,1294,0.03
E-MOTION AUTOMOTIVE INDUSTRY LLP,1292,0.03
ADITYA SAI INDUSTRIES,1290,0.03
OK PLAY INDIA LTD,1289,0.03
JAISIK BUSINESS LINKS PVT LTD,1287,0.03
SAKSHAM TRADING COMPANY,1280,0.03
JIJO ELECTRIC WHEELS PVT LTD,1240,0.03
BENTINCK INDUSTRIES PVT. LTD.,1236,0.03
RIVER MOBILITY PVT LTD,1226,0.03
SONI E VEHICLE PVT LTD,1225,0.03
RSD SECURITY SOLUTIONS PVT LTD,1195,0.03
SHALYA AUTO SALES PVT LTD,1190,0.03
STAR IGLOBAL AUTOMOTIVE PVT LTD,1189,0.03
AKG INTERNATIONAL,1186,0.03
KABMAX ELECTRIC AUTOMOBILES PVT. LTD,1183,0.03
RANA ENGINEER WORKS,1179,0.03
DIAMOND E VEHICLES,1179,0.03
CHANDANA CORPORATION,1166,0.03
MANIRAM ELECTRIC VEHICLE PVT LTD,1152,0.03
JESSUN TECHNO PVT LTD,1127,0.03
AUTOECO GREEN ENERGY PVT LTD,1123,0.03
ASHMA-MOTORS PVT LTD,1122,0.03
DD AUTO PVT LTD,1114,0.03
3EV INDUSTRIES PVT LTD,1098,0.02
FIRST CHOICE ELECTRIC VEHICLES PVT LTD,1095,0.02
3S INDUSTRIES PRIVATE LIMITED,1073,0.02
PRIDE E-MOTORS,1057,0.02
ANKUSH AUTO DEALS,1048,0.02
SIWACH STEEL PVT LTD,1047,0.02
BOOMA INNOVATIVE TRANSPORT SULUTIONS PVT LTD,1017,0.02
KGN,1016,0.02
PYTHOX MOTORS PVT LTD,1007,0.02
KGN INDUSTRIES,999,0.02
GURUKIRPA INDUSTRIES,988,0.02
NDS ECO MOTORS PVT LTD,975,0.02
SUPREME SMART POWER PVT LTD,961,0.02
NUMEROS MOTORS PVT LTD,958,0.02
KINETIC MOTOR COMPANY LIMITED,944,0.02
MALI ENTERPRISES PVT LTD,938,0.02
RIBAND ELECTRIC PVT LTD,937,0.02
VOLVO AUTO INDIA PVT LTD,922,0.02
SPEEGO VEHICLES PVT. LTD,922,0.02
K T ENTERPRISES,922,0.02
S.V AUTOMOTIVE,913,0.02
OM BALAJI AUTOMOBILES I P LTD,912,0.02
KETO MOTORS PVT LTD,909,0.02
KRISHNA VEHICALS,905,0.02
UNIQUE AUTO ELECTRIC,900,0.02
ROARLEO MOTOR PVT LTD,896,0.02
GAGAN AUTOMOTIVES,891,0.02
AMAN ELECTRIC VEHICLES,889,0.02
TAURUS ELECTRIC VEHICLES,885,0.02
EXTREME MOTORS,872,0.02
KALPVRIKSH ELECTOMOBILES CO,863,0.02
OM INDUSTRIES,860,0.02
HARSH TRADING CO,858,0.02
APARNA INDUSTRIES,857,0.02
ENGTIAN ELECTRIC BIKE PVT LTD,850,0.02
BESTWAY AGENCIES PVT LTD,841,0.02
MANISH EV INTERNATIONAL PRIVATE LIMITED,829,0.02
OGATA MOTORS INDIA PVT LTD,826,0.02
KIA INDIA PRIVATE LIMITED,825,0.02
EVTRIC MOTORS PVT LTD,825,0.02
KALINGA VENTURES INDIA PVT LTD,817,0.02
REPUBLIC MOTORS,794,0.02
EFEV CHARGING SOLUTION PVT LTD,778,0.02
KYTE ENERGY PVT. LTD.,776,0.02
EVEX AUTO INDIA PVT LTD,768,0.02
UMA MOTORS,761,0.02
DIVANSU AUTOMOBILES LTD,752,0.02
CART INDIA,738,0.02
MERCEDES -BENZ AG,734,0.02
EPOWER VEHICLES PVT LTD,727,0.02
URWASHI ENTERPRISES,719,0.02
SHREE MARUTI NANDAN BUSINESSS (P) LTD,719,0.02
RAMON INDUSTRIES,718,0.02
V.T. ENGINEERING,714,0.02
WUXI SAIGE (IMPORTER: WARIVO MOTOR),709,0.02
SN SOLAR ENERGY,708,0.02
B24 ROKET EV,691,0.02
S AND J INDUSTRIES,689,0.02
SINGH AUTOMOBILES,681,0.02
AADITYA EMOTORS INDIA PVT LTD,669,0.02
SHRI RAM AUTO TECH PVT LTD,664,0.02
PACE AGRO PRIVATE LIMITED,663,0.01
TSM ENGINEERING PVT LTD,655,0.01
ODYSSE ELECTRIC VEHICLES PVT LTD,647,0.01
KHEMRAJ AUTOMOTIVE INDUSTRIES,645,0.01
REFLEX CONTROL SYSTEM PVT .LTD,644,0.01
VIJAYSHREE AUTOCOM LIMITED,638,0.01
SIMPLEENERGY PVT LTD,633,0.01
VIJAYA ELECTRIC AUTO PVT LTD,622,0.01
PARVEEN AUTO,619,0.01
GODAWARI ELECTRIC MOTORS PVT LTD,612,0.01
RAHUL AGRO EXPORTS PVT LTD,605,0.01
ARMAN GREEN VEHICLES PVT LTD,599,0.01
DASHMESH TRADERS,597,0.01
ANJALI TRADERS,597,0.01
DHAR INTERNATIONAL,596,0.01
OMEGA SALES & AGRO INDUSTRIES,588,0.01
BAL GOPAL WHEELS PVT LTD,588,0.01
A P I MOTORS PVT LTD,582,0.01
SAKSHAM TECH AUTOMOBILES,579,0.01
HYKON INDIA LTD,573,0.01
RASANDIK ENGINEERING INDUSTRIES INDIA LTD,569,0.01
GREEN STAR MOTORS,569,0.01
LAKSHYA AUTO SALES CORPORATION,564,0.01
M/S HOVEL CYLINDER PVT LTD,561,0.01
WUXI TENGHUI (IMPORTER: HOP ELECTRIC MOBILITY),557,0.01
V.V.A.AUTO INDUSTRIES PVT.LTD,556,0.01
E-ASHWA AUTOMOTIVE PVT LTD,555,0.01
G.K E-VEHICLS INDUSTRIES PVT LTD,553,0.01
INDIA SAFE ENTERPRISE,533,0.01
ROWWET MOBILITY PVT LTD,532,0.01
SINGHAL ENTERPRISES,518,0.01
GREEN KAIKETSU AUTOMOTIVE INDIA PVT LTD,515,0.01
KHALSA  AGRO INDUSTRIES,502,0.01
OZOTEC AUTOMOBILE PRIVATE LIMITED,500,0.01
JIANGSU AIMA (IMPORTER: QUANTUM ENERGY),498,0.01
MOTRAC MOTORS PVT LTD,494,0.01
NIRMAL UTILITY SERVICES PVT LTD,485,0.01
NEXZU MOBILITY PVT LTD,483,0.01
ECO-FRIENDLY ELECTRIC VEHICLE PVT LTD,483,0.01
ELECTRECA VEHICLES,479,0.01
RAVI METAL WORKS,472,0.01
JAYDEV ENTERPRISE,469,0.01
WUXI TENGHUI (IMPORTER: SEEKA E MOTORS),460,0.01
DAO EVTECH PRIVATE LIMITED,457,0.01
VEECTERO E VEHICLES LLP,455,0.01
SHINE METAL UDYOG PVT LTD (UNIT- II),454,0.01
YOUYAKU ELECTRIC (IMPORTER:IME VEHICLES PVT LTD),450,0.01
LOTEY AGRO INDUSTRY,448,0.01
SONI E VEHICLES PVT LTD,447,0.01
E-SPRINTO GREEN ENERGY PVT LTD,447,0.01
JAIN POWER CORP,446,0.01
SYNDICATE AUTO COMPONENTS,437,0.01
GREEN VALLEY MOTORS,437,0.01
ATUL GREENTECH PRIVATE LIMITED,435,0.01
RAJESH STEEL AND WIRE INDUSTRIES,431,0.01
AMBIKA ENTERPRISES,430,0.01
XXPLORE AUTOMOTIVE PVT. LIMITED,427,0.01
NISSAN MOTOR INDIA PVT LTD,420,0.01
JADE KOREA SPINE LIFE,420,0.01
WUXI TOURWE (IMPORTER: GOREEN E-MOBILITY),418,0.01
LORDS VEHICLE MFG PVT LTD,418,0.01
UMA  AUTO INDUSTRIES PVT. LTD,417,0.01
JUNO CASTINGS PVT LTD,412,0.01
MAA KALPANA ENTERPRISE,411,0.01
SUDHRAJ ELECTRIC MOBILITY PVT. LTD.,409,0.01
HONDA MOTORCYCLE AND SCOOTER INDIA (P) LTD,405,0.01
AUDI AG,402,0.01
MERCEDES-BENZ INDIA PVT LTD,399,0.01
EVCO AUTOMOBILES PVT LTD,398,0.01
M K ENTERPRISES,396,0.01
CAPARO AUTOTECH LIMITED,394,0.01
U P TELELINKS LTD,390,0.01
GODAWARI TECHNO SOLUTIONS PVT LTD,389,0.01
M G INDUSTRIES,385,0.01
HUNDA EV PVT LTD,380,0.01
VISHWAKARMA GNG INDUSTRY,378,0.01
ENGINIA VEHICLES PVT LTD,377,0.01
BALAN ENGINEERING PVT LTD,376,0.01
HOP ELECTRIC MOBILITY PVT LTD,374,0.01
CLH GASEOUS FUEL APPL PVT LTD,373,0.01
AFTEK MOTORS INDIA PVT LTD,367,0.01
NISIKI TECHNOLOGIES PVT LTD,366,0.01
SOKUDO ELECTRIC INDIA PVT LTD,364,0.01
PRAG MOTORS,364,0.01
HITEK ELECTRIC AUTO CO,364,0.01
ADRIS ELECTRIC PVT LTD,360,0.01
WELKIN HEALTHCARE PVT LTD,355,0.01
JUNENG MOTORCYCLE (IMPORTER: ISCOOT MOTERS),351,0.01
KCAS ELECTRIC VEHICLES PVT LTD,349,0.01
AMAN AUTOMOBILES,348,0.01
ETRIO AUTOMOBILES PVT LTD,345,0.01
HONDA CARS INDIA LTD,343,0.01
ASHA IMPEX,343,0.01
WUXI JIYAYI (IMPORTER: IZANAU ELECTRIC LLP),341,0.01
RAJ AUTOMOTIVE,339,0.01
E-GURU AUTO ENERGY,339,0.01
S S GLOBAL,334,0.01
A3T INCORPORTED,333,0.01
DELTEK ENTERPRISES PVT LTD,332,0.01
AJAY MOTORS PRIVATE LIMITED,332,0.01
FIVE ELEMENTS,331,0.01
VISHAL ENTERPRISES,330,0.01
PORFITEL TECHNOLOGY (IMPORTER: AERORIDE),326,0.01
ULTRAVIOLETTE AUTOMOTIVE PVT LTD,325,0.01
MARUTHISAN PVT LTD,321,0.01
NIKHIL FURNITURES,320,0.01
GURU JI WHEELS,320,0.01
POOSHPAK AUTOMOBILES PVT LTD,317,0.01
J S MOBILEON PVT LTD,314,0.01
SUNULTRA POWER SOLUTIONS PVT LTD,313,0.01
GOENKA ELECTRIC MOTOR VEH P L,312,0.01
NAMAH INDUSTRIES PVT LTD,306,0.01
KABIRA MOBILITY LLP,304,0.01
KERALA AUTOMOBILES LIMITED,302,0.01
WUXI SAIGE ELECTRIC (IMPORTER: DELTA AUTOCORP LLP),295,0.01
SEN AND PANDIT VOLTAGE CONTROL PVT LTD,291,0.01
MOHAN GENERAL TRADING COMPANY,289,0.01
MLR AUTO LTD,289,0.01
DSF INDUSTRIES PVT LTD,289,0.01
CHINA HAOCHEN (IMPORTER: ADMS MARKETING),289,0.01
DEV MOTORS,287,0.01
GRAM TARANG EMPLOYABILITY TRAINNING SERVICES P LTD,284,0.01
SHINME ELECTRICAL VEHICLE PVT LTD,283,0.01
GREEN EVOLVE PVT LTD,283,0.01
SGLLINE MOTORS PVT LTD,282,0.01
MECPOWER MOBILITY PVT. LTD.,282,0.01
ADM TECHNOLOGIES PVT. LTD.,280,0.01
GREEN KAIKETSU AUTOMATIVE IND,277,0.01
PRAKASH ENTERPRISES,275,0.01
KAMAZ INDUSTRIES,275,0.01
PRAAKARM AUTO & CONSTRUCTION EQUIPMENTS,274,0.01
JAI SRI RAM ELECTRIC VEHICLE MANUFACTURING PVT LTD,273,0.01
J P AUTO TECH,273,0.01
INS AUTOMOBILES PVT LTD,272,0.01
AYAAN ELECTRONIC PVT LTD,271,0.01
OBEN ELECTRIC VEHICLES PVT LTD,267,0.01
NABH MOTORS PVT LTD,265,0.01
HONGKONG YIXING (IMPORTER: ADMS MARKETING),261,0.01
SMART ELECTRO MOTORS,260,0.01
SHRI BALAJI ENTERPRISES,260,0.01
KUMARAN ENGINEERING ENTERPRISES,259,0.01
YAARI AUTOMOBILES PVT LTD,258,0.01
MANMOHAN KAUR,253,0.01
OMJAY EV LIMITED,252,0.01
ROYCE EV PVT LTD,246,0.01
MONDAL TRADING,246,0.01
IRA EDUTECH PVT LTD,239,0.01
EDMRC MANNSCHAFT LLP,239,0.01
M2J E VAHAN PVT LTD,234,0.01
TEJASGREEN AUTOMOTIVE PVT LTD,231,0.01
WUXI TENGHUI (IMPORTER: FLYCON MOTORS),229,0.01
THE COMMERCIAL MOTORS LIMITED,226,0.01
EXERVAL PVT LTD,223,0.01
SIRF INDIA VEHICLES PVT LTD,222,0.01
MAHI ENTERPRISES,217,0.0
DYNAVOLT TECHNOLOGY INDIA LTD,215,0.0
ZAP (HK) (IMPORTER: IZANAU ELECTRIC),211,0.0
ZOHAN TRADERS AND BIG METRO,210,0.0
PORSCHE AG GERMANY,210,0.0
PATS MOTOR CORP,210,0.0
MOMU AUTOMOTIVE,210,0.0
HAARISH AUTOMOTIVES (OPC) PRIVATE LIMITED,210,0.0
SARAVANA ENGINEERING WORKS,208,0.0
BIJNOR ENTERPRISES,208,0.0
SUN INDUSTRIES,207,0.0
GALVANIC AUTO PVT LTD,207,0.0
ALTIUS TECHNOLOGIES,206,0.0
TRINITY ELECTRIC VEHICLES PVT LTD,201,0.0
PANTHER ELECTRIC VEHICLES,201,0.0
BHADAURIA ENTERPRISES,200,0.0
SAINIK CYCLE MART,196,0.0
ECO DYNAAMIC EQUIPMENTS,195,0.0
LIONIZE AUTOMOBILE PVT LTD,194,0.0
YOUYAKU ELECTRIC (IMPORTER: HOUSTAN INNOVATION),191,0.0
SPEEDWAYS ELECTRIC,190,0.0
ALLENTTI MOTORS PVT LTD,190,0.0
GOODENERGY INDIA PVT LTD,188,0.0
A K AUTTO ELECTRICAL,182,0.0
YOUYAKU ELECTRIC (IMPORTER: SASDAL ENTERPRISES),181,0.0
GREEN WHEELZ (INDIA),180,0.0
CYRUS AUTO INDUSTRIES PVT LTD,180,0.0
INVVIGORS INDIA,178,0.0
DIVANSHU AUTOMOBILES LIMITED,176,0.0
CHARUVIKRAM AUTOMOBILE PVT LTD,174,0.0
VICTORIA E VEHICLES PVT. LTD,173,0.0
GREENFIT INDUSTRIES LLP,172,0.0
ELEPHANTA INDUSTRIES PVT LTD,172,0.0
KALIKA VAHAN PVT LTD,170,0.0
ARD EXIM,170,0.0
GOODWILL HI PRECISION WORKS PVT LTD,169,0.0
FIADO INDUSTRIES PVT LTD,169,0.0
KIRAN AUTOMOBILE INDUSTRY,168,0.0
WHITE CARBON MOTORS PVT LTD,165,0.0
C M OVERSEAS,164,0.0
A.R. MOTOR,164,0.0
GAURA ELECTRIC VEHICLES PVT LTD,163,0.0
RICHFORD ALLIANZ PVT LTD,162,0.0
GREEN SHUTTLE TECHNOLOGY PVT LTD,162,0.0
SRIVARU MOTORS PVT LTD,161,0.0
HERCULES CRANE PVT.LTD.,161,0.0
YANGGUANG LINGMU (IMPORTER: FLYCON MOTORS),157,0.0
TRUPART AUTOMOTIVE INDIA PVT LTD,157,0.0
SETHJI INDUSTRIES,154,0.0
ELECTRA INTERNATIONAL,154,0.0
JAY ACE TECHNOLOGIES LTD,153,0.0
KRISHNA INDUSTRIES,151,0.0
D S INDUSTRIES,151,0.0
CITADEL ENTERPRISES(OPC) PVT LTD,150,0.0
TSR TRADE COM,148,0.0
VINCI INDUSTRIAL CORPORATION,147,0.0
PANSEN ENGINEERING INDIA PVT LTD,145,0.0
SKYY RIDER ELECTRIC PRIVATE LIMITED,144,0.0
VAHAK FUTURE SOLUTIONS LLP,141,0.0
RP MOTORS,139,0.0
PRIYAM INDUSTRIES AND ENGINEERING PVT LTD,139,0.0
JIANGSU XINRI E-VEHICLE(IMPORTER SWIFT CUR.TECH.),139,0.0
DYS IMPEX PVT LTD,138,0.0
ANJALI AUTO COMPONENTS,138,0.0
VICTOR AGRO INDUSTRIES,137,0.0
MOTOR & GENERAL SALES PVT LTD,137,0.0
SEALION AUTOMOBILE PVT LTD,134,0.0
GOGORO INDIA PVT LTD,133,0.0
MIRAKLE 5 AUTOMOBILES PVT LTD,132,0.0
SHAILENDRA AUTOS PVT LTD,131,0.0
ZESAR MOTORS PVT LTD,130,0.0
JAGUAR LAND ROVER INDIA LIMITED,129,0.0
RAJIV RAJ VEHICLES PVT LTD,127,0.0
ATUMOBILE PVT LTD,127,0.0
LUCKY INDUSTRIES,126,0.0
NGAGE WHEEL PVT LTD,124,0.0
K. V. INDUSTRIES,124,0.0
SUNANDA GREENTECH PVT LTD,123,0.0
XXPLORE AUTOMATIVE PVT LTD,122,0.0
KPT MOTORS,122,0.0
BLIX CYCLES AND E-VEHICLES PVT LTD,122,0.0
SIX SENSES AUTOMOTIVE PVT LTD,120,0.0
RASIWASIA RASAYAN PVT LTD,120,0.0
G WILLIAMS FABRICATIONS LTD,120,0.0
TUNWAL E MOTORS PVT LTD,119,0.0
CELLETRON MOTOR WORKS,119,0.0
ALTIUS EV TECH PVT LTD,118,0.0
GREENETICS INDUSTRIES PVT LTD,117,0.0
INDIA YAMAHA MOTOR PVT LTD,116,0.0
YUVRAJ INTERNATIONAL,115,0.0
VISHALA E-VEHICLES INDUSTRIES PRIVATE LIMITED,115,0.0
SPEED AUTO TECH,115,0.0
WASAN E-MOBILITY SOLUTIONS PVT LTD,113,0.0
S B TRADERS,112,0.0
PRAJJWAL MAHAJAN TRADERS,112,0.0
PRAGYA AUTOMOBILE PVT LTD,112,0.0
RDS INDUSTRIES,110,0.0
JAYEM AUTOMOTIVES PVT LTD,110,0.0
WOX COOLERS PVT LTD,109,0.0
SUPER POWER MOTORS,109,0.0
SBTEK E MOTO PVT LTD,109,0.0
QICHENG VEHICLE (IMPORTER: AUTOICARE INNOVATION),109,0.0
HERO ECO VEHICLES PVT LTD,108,0.0
XPLORE AUTOMOTIVE PVT LTD,107,0.0
VVA AUTO INDUSTRIES PVT LTD,107,0.0
EVAGE AUTOMOTIVE PVT LTD,107,0.0
ERISHA E MOBILITY PVT LTD,105,0.0
TYST DRIVE INDIA PVT LTD,104,0.0
YOUYAKU ELECTRIC (IMPORTER:NEWTRON ELECTRIC),103,0.0
MALAK TECHNO PVT LTD,102,0.0
HITECH INDUSTRIES,102,0.0
SVS ENTERPRISES,101,0.0
PRESTANTIA CREATIONS PVT LTD,101,0.0
GAYAM MOTOR WORKS PRIVATE LIMITED,101,0.0
ANCHI MOTORCYCLE (IMPORTER: YED ELECTRIC),100,0.0
NEUON MOTORS LLP,99,0.0
DEVAM ELECTRIC VEHICLES PVT LTD,99,0.0
ROYAL-ENFIELD (UNIT OF EICHER LTD),98,0.0
JUNENG MOTORCYCLE (IMPORTER: ADMS MARKETING),98,0.0
DEEP DRAWN TECHNOLOGIES,98,0.0
SHREYA ENGINEERS,97,0.0
IZANAU ELECTRIC LLP,96,0.0
U V MOTORS INDIA PVT LTD,95,0.0
TOYOTA KIRLOSKAR MOTOR PVT LTD,94,0.0
MICROCON I2I PVT LTD,94,0.0
WUXI SAIGE (IMPORTER: DM GREEN ENERGY),93,0.0
PAARTH SARTHI AUTOMOTIVE ENGINEERS PVT LTD,93,0.0
KAKKAR ELECTRIC AUTO PVT LTD,93,0.0
ALBEDO VISION PVT LTD,93,0.0
BAJAJ IMPLEMENTS PVT LTD,91,0.0
VGLAN BUILDCON PRIVATE LIMITED,89,0.0
RACCOON MOTORS PVT LTD,89,0.0
AVON CYCLE LTD INDIA,89,0.0
MALHOTRA  VEHICLE MANUFACTURING PVT LTD,88,0.0
CREATIVE ENGINEERINGS,88,0.0
LAXMI E-RICKSHAW COMPANY,87,0.0
SWITCH MOBILITY AUTOMOTIVE LTD,85,0.0
RIYA ENTERPRISE,85,0.0
SHREE SIRIDI SAI MINERAL & EXPORTS PVT. LTD,83,0.0
GREENTECH AUTO LLP,83,0.0
KANIFA AUTOMOTIVE PVT LTD,81,0.0
DHRITI ENTERPRISES,81,0.0
TARA MAA MACHINERY,80,0.0
PURVA UDYOG PVT LTD,80,0.0
SF2 E VEHICLE PVT LTD,79,0.0
ISUKII GREENS PVT LTD,79,0.0
HERO HONDA MOTORS  LTD,79,0.0
ANCHI MOTORCYCLE  (IMPORTER: ECOTRINITY AUTOMOBILE,79,0.0
SANCHAL AUTOMOBILES PVT LTD,78,0.0
FSTMOTO (IMPORTER: AUTOICARE INNOVATION),78,0.0
BAGHWAN RIKSHAW UDYOG,78,0.0
YC ELECTRIC VEHICLE PVT LTD,77,0.0
VOLMAC ENGINEERING PVT LTD,77,0.0
PASHUPATI VEHICLES PVT LTD,77,0.0
PACE AGRO PVT LTD,76,0.0
NB TURNED  COMPONENTS PVT LTD,76,0.0
HANUMAN UDYOG,76,0.0
ZHEJIANG LUYUAN (IMPORTER: DYNAM EV TECH),75,0.0
SUZUKI MOTORCYCLE INDIA PVT LTD,74,0.0
LML LIMITED,73,0.0
HITECH  MECHANICAL WORKS,73,0.0
SHIV ENTERPRISES,72,0.0
HOUSTAN INNOVATION LLP,72,0.0
BESTWAY BANARASH,72,0.0
NEELAM CYCLE,71,0.0
GOGORO (IMPORTER: GOGORO INDIA PRIVATE LTD),71,0.0
CAPARO AUTOTECH LTD,71,0.0
ZHEJIANG TIANYING  (IMPORTER: NEWTRON ELECTRIC),70,0.0
OLYMPUS INDUSTRIES PVT LTD,70,0.0
ZERO 21 RENEWABLE ENERGY SOLUTIONS PVT LTD,69,0.0
ROANSOME MOTORS,69,0.0
SWASTIK,68,0.0
GREEN TACK EMPALA ELECTRIC MOTOR COMPANY,68,0.0
WUXI MAYA (IMPORTER: DYNAMO ELECTRIC P. LTD.),67,0.0
SUNARIYA MOTORS PVT LTD,67,0.0
OM PACKAGING,67,0.0
NEW CHAWLA INDUSTRIES,67,0.0
A.J ENTERPRISES,66,0.0
SHIVA ENTERPRISES,65,0.0
VE COMMERCIAL VEHICLES LTD,64,0.0
MARKUS,64,0.0
EVBHARAT RANGE PRIVATE LIMITED,64,0.0
EEVEE ENGINEERING PVT LTD,64,0.0
WUXI SAIGE ELECTRIC (IMPORTER: GLORIOUS DIGITAL),63,0.0
M2GO ELECTRIC VEHICLE PVT LTD,63,0.0
LAWAT MOTORS,63,0.0
KAINING (HONGKONG) (IMPORTER: ENIGMA AUTOMOBILES),63,0.0
SIARSA ELECTRICALS PVT LTD,62,0.0
NARAINDASS AND SONS,62,0.0
AADITYA GARBAGE PRODUCTS PVT LTD,62,0.0
GOOD ENERGY INDIA,61,0.0
JIANGSU DALONG (IMPORTER:TYLOS ELECTRIC VEHICLES),60,0.0
HAITEK AUTOMOTIVE PVT LTD,60,0.0
ABZO MOTORS PVT LTD,60,0.0
PUNJAB BODY BUILDERS,59,0.0
NIBE MOTORS PVT LTD,58,0.0
YOUYAKU ELECTRIC (IMPORTER:ONZO EV),57,0.0
KRANTI AUTOMOBILES LTD,57,0.0
SUPERECO AUTOMOTIVE CO LLP,56,0.0
M/S VISHNU CLEAN ENERGY VEHICLES LLP,56,0.0
DHAR IN PVT LTD,55,0.0
ZHONGHUALONG (IMPORTER: POWORO PVT LTD),54,0.0
YANGGUANG LINGMU (IMPORTER: REMARK ELECTRIC),53,0.0
SUCCESSPATH MARKETING PVT LTD,53,0.0
VSL INDUSTRIES,52,0.0
TWASHTRE AUTOMOTIVE PVT LTD,52,0.0
NAND ELECTRIC MOTOR VEHICLE PVT LTD,52,0.0
JUNENG MOTORCYCLE (IMPORTER: JHEV MOTORS PVT LTD),52,0.0
BRIGHT METAL WORKS,52,0.0
WUXI TENGHUI (IMPORTER: FEZORA INDIA),51,0.0
REVA ELECTRIC CAR CO,51,0.0
FITWEL MOBILITY PVT LTD,51,0.0
SUPREME SALES AGENCY,50,0.0
MULTI DIMENSIONAL SOLUTIONS,50,0.0
LI-IONS ELEKTRIK SOLUTIONS PVT LTD,50,0.0
SHAMMI ELECTRONICS,49,0.0
PINNACLE MOBILITY SOLUTIONS PVT LTD,49,0.0
MODIKA INTERNATIONAL (IMPORTER: FRANKLIN EV),49,0.0
WUXI SHENGBAO (IMPORTER:SHEMA E-VEHICLE),48,0.0
VGLAN BUILDCON PVT LTD,48,0.0
JIANGSU AIMA (IMPORTER: FUTURE EV),48,0.0
DIVYA AUTOMOBILES,48,0.0
STAR INDUSTRIES,47,0.0
SAMEER ENGINEERING,47,0.0
KPT INDUSTRIES LTD,47,0.0
DESMOTO ELECTRICS PVT LTD,47,0.0
WUXI SHENGBAO (IMPORTER:ELECTRIC ONE ENERGY),46,0.0
JIANGSU DALONG (IMPORTER: SABOO TOR),46,0.0
JCB INDIA LTD,46,0.0
AARGEE ELECTRIC,46,0.0
SHERA ELECTRICAL AUTO PVT LTD,45,0.0
LALA G E RICKSHAW AND SPARE PARTS,45,0.0
JUNENG MOTORCYCLE TECH. (IMPORTER: DELTA AUTOCORP),45,0.0
ELECTRIC ALLIANCE(IMPORTER: ELLYSIUM AUTOMOTIVES),45,0.0
ECOBIT INTERNATIONAL(IMPORTER: JHEV MOTORS),44,0.0
WUXI TENGHUI (IMPORTER: BOHRE ELECTRIC),43,0.0
SAGAR FABRICATIONS,43,0.0
JINDAL ELECTRIC VEHICLES,43,0.0
HITECH ELECTRIC AUTO CO,43,0.0
"""VOLVO GROUP INDIA PVT LTD""",43,0.0
YANGGUANG LINGMU (IMPORTER: DAWNGATE BUSINESS),42,0.0
SHRI RAM AUTOMOBILES,42,0.0
JIANGSU GUOWEI (IMPORTER: REVEAL ELECTRIC),41,0.0
BSERAIL ENGINEERING PVT LTD,41,0.0
JAL ENTERPRISES,40,0.0
GOOD WILL HI PRECISION,40,0.0
GODREJ AND BOYCE MFG CO LTD,40,0.0
ZAP (IMPORTER:ELLYSIUM AUTOMOTIVES PVT LTD),39,0.0
GAURI AUTO INDIA PVT. LTD,39,0.0
BABA E RICKSHAW & C BATTERIES,39,0.0
ORIGINAL FUEL SYSTEM PVT LTD,38,0.0
SWADESHI INDUSTRIES,37,0.0
NANNHRAY AGIRCULTURE WORKS,37,0.0
GRG SMART VEHICLE PVT LTD,37,0.0
CHANDAKE-AUTOMOBILES LLP,37,0.0
YOUYAKU ELECTRIC (IMPORTER: SMOBILITY EV),36,0.0
WUXI TENGHUI (IMPORTER: JOZHI SERVICES),36,0.0
V V A ELECTRIC VEHICLE,36,0.0
MAHINDRA & MAHINDRA LIMITED (TRACTOR),36,0.0
WUXI TENGHUI INTERNATIONAL (IMPORTER: FEZORA),35,0.0
SHIVGANGA ECOGREEN LLP,35,0.0
OLECTRA GREENTECH LTD,35,0.0
LAKSHYA MOTORS,35,0.0
KALINGA VENTURES IND P,35,0.0
DONGMA VEHICLE (IMPORTER: MERCURY METALS),35,0.0
SUGANJI RARA ELECTRIC VEHICLE PVT LTD,34,0.0
REFLEX CONTROL SYSTEM PVT,34,0.0
GOBIND INDUSTRIES PVT LTD,34,0.0
G. M. VEHICLE INDUSTRIES,34,0.0
ECOYAN ELECTRIC MOTOR VEHICLES PVT LTD,34,0.0
EBUZZ MOBILITY LLP,34,0.0
VIJEX STEEL FABRICATION,33,0.0
PUNEET OVERSEAS  INC,33,0.0
KANHA ELECTRIC VEHICLES,33,0.0
WUXI TENGHUI (IMPORTER: FRANKLIN EV INDIA),32,0.0
VOLTAIC INDUSTRIES PVT LTD,32,0.0
WUXI SAIGE (IMPORTER: E-VISHWA ELECTOBIKE),31,0.0
SWARNCHAKRA AUTOMOBILES PVT LTD,31,0.0
QOOKEE TECHNOLOGIES (IMPORTER:VIKEBIKE INDIA),31,0.0
CAPCO INDUSTRIES PVT LTD,31,0.0
SHRI LAKSHMI LATHE WORKS,30,0.0
MARUTI SUZUKI INDIA LTD,30,0.0
DSR EV MOBILITY PVT LTD,30,0.0
APARNA AGRICO,30,0.0
SURYA INTERNATIONAL,29,0.0
SAIFIAN SOLAR PVT LTD,29,0.0
SAI SAMEER POWER ELECTRIC VEHICLES PVT LTD,29,0.0
PASHUPATI NATH MOTORS PVT LTD,29,0.0
M/S. DAVE EXIM (P) LTD.,29,0.0
ASHWA ELECTRIC,29,0.0
SHINE METAL UDYOG PVT LTD,28,0.0
SAKSHAM TECH AUTO,28,0.0
NINGBO SANJIANG (IMPORTER: VABRO EVTECH),28,0.0
MAC INTERNATIONAL (IMPORTER: JHEV MOTORS PVT LTD),28,0.0
KAINING (HONGKONG) (IMPORTER:M/S IZANAU ELECTRIC),28,0.0
BALAJI TRADING COMPANY,28,0.0
WUXI DONGMA (IMPORTER: DYNAM PRECISION),27,0.0
VEHICLE FACTORY JABALPUR,27,0.0
SKS AUTOMOBILES (I) PVT LTD,27,0.0
PASHUPATI VEHICLE PVT. LTD.,27,0.0
JIANGSU DALONG (IMPORTER: KINGCHE MOBILITY),27,0.0
GO GREEN EOT (ENERGY OF THINGS) PVT LTD,27,0.0
WUXI SAIGE (IMPORTER: ZELIO AUTO PVT.LTD.),26,0.0
SUNSHINE TECHNOLOGIES,26,0.0
NEWTON INDIA INDUSTRIES PVT LTD,26,0.0
JOYRAM STEEL FABRICATION WORKS,26,0.0
JIANGSU JINPENG (IMPORTER: KKL HITECH EV),26,0.0
JAYA AUTOMOTIVES PVT LTD,26,0.0
SPEEDWAYS ELECTRIC PVT LTD,25,0.0
MAHINDRA NAVISTAR  AUTOMOTIVES LTD,25,0.0
DURABLE FLANGES PVT LTD,25,0.0
CARREE YUNUS VEHICLE PVT LTD,25,0.0
ALL TERRAIN CRANE,25,0.0
YANGGUANG LINGMU (IMPORTER: XWLS ELECTRIC),24,0.0
WUXI TENGHUI INTERNATIONAL (IMPORTER: FRANKLIN EV),24,0.0
WARIVO MOTOR INDIA PVT LTD,24,0.0
SAS MOTORS LTD.,24,0.0
MARINE NAVAIDS & SOLAR AUTO PVT LTD,24,0.0
KNIGHT QUEEN INDUSTRIES PV LTD,24,0.0
HBSS E MOBILITY PVT LTD,24,0.0
BULL MACHINES PVT LTD,24,0.0
YOUYAKU ELECTRIC (IMPORTER:KRISHIKA EV INDIA),23,0.0
SML ISUZU LTD,23,0.0
SITYOG ENGINEERING PVT LTD,23,0.0
PRABHA AUTOMOTIVE ENGINEERS PVT LTD,23,0.0
EVOLUTION AUTOTECH,23,0.0
CHIRAG ENTERPRISES,23,0.0
ATOMEX E-MOTORS INDIA PVT LTD,23,0.0
ADITYA AGRO INDUSTRIES,23,0.0
VEANCO AUTOMOTIVES PVT LTD,22,0.0
TEREX CORPORATION,22,0.0
RAMA INDUSTRIES,22,0.0
NANYA AIRCONN PVT LTD,22,0.0
MAA LUXMI E-VEHICLES PVT. LTD.,22,0.0
ZBEE INDIA PVT LTD,21,0.0
SAURYAA SHARYO CORPORATION,21,0.0
MAHINDRA TWO WHEELERS LTD,21,0.0
LOG 9 MATERIALS SCIENTIFIC PVT LTD,21,0.0
HONGKONG YIXING (IMPORTER: VICTORY ELECTRIC),21,0.0
ANCHI MOTORCYCLE(IMPORTER:GREEN FUEL ALTERNATIVES),21,0.0
TAO POWER PRIVATE LIMITED,20,0.0
RENAULT INDIA PVT LTD,20,0.0
FUJIYAMA POWER INFRA PVT. LTD.,20,0.0
DUKEMOTO MOTORS PVT LTD,20,0.0
ARIHANT ENTERPRISES,20,0.0
SHUBHAM MANUFACTURER,19,0.0
SHRI SHIVSHANKAR ENTERPRISES,19,0.0
"MAYUR ENTERPRISES,BARIPADA",19,0.0
KARNATAKA SCOOTERS LTD,19,0.0
EKO VEHICLE PRIVATE LIMITED,19,0.0
DIWA GREEN TECHNOLOGY PVT LTD,19,0.0
VISHWARUP ENTERPRISE,18,0.0
TRUZ INDUSTRIES,18,0.0
THE COMMERCIAL MOTORS PVT LTD,18,0.0
SHRI ABIRAMI TRAILERS,18,0.0
INDUS ELECTROTHERM INDIA LTD,18,0.0
ATR TECHNOSALES PRIVATE LIMITED,18,0.0
ADAPT MOTORS PVT LTD,18,0.0
WUXI SAIGE (IMPORTER: ELECTRO-TECH),17,0.0
USHASONS AUTO COMPONENTS,17,0.0
SMAP VEHICLES (IMPORTER: ELEGO MOTORS),17,0.0
SCOOTERS INDIA LTD,17,0.0
MUNDE MECHANICAL WORKS,17,0.0
MILLENNIAL MOTORS LLP,17,0.0
M/S JASRAJ AUTO AGENCY,17,0.0
M K BROTHERS,17,0.0
LEOPAN MOTORS PRIVATE LIMITED,17,0.0
KNIGHT QUEEN INDUSTRIES PVT LTD,17,0.0
KAINING (HONGKONG) (IMPORTER: ENERGY AUTOMOBILE),17,0.0
JIANGSU XINRI (IMPORTER: NISIKI TECHNOLOGIES),17,0.0
WUXI TENGHUI (IMPORTER: REMARK ELECTRIC),16,0.0
RD AND CO,16,0.0
KRANTI INTERNATIONAL,16,0.0
GURUKIRPA MOTORS,16,0.0
AAKK AUTO PVT LTD,16,0.0
SUN MOTORS,15,0.0
SEEKA E MOTORS PVT LTD,15,0.0
LAKSHMI AUTO TRADERS,15,0.0
KION INDIA PVT LTD,15,0.0
JIANGSU DALONG (IMPORTER: ENGTIAN ELECTRIC),15,0.0
INTERNATIONAL TRACTORS LIMITED,15,0.0
ENIGMA AUTOMOBILES PVT LTD,15,0.0
BILAL TRAILORS,15,0.0
WUXI NOOMA (IMPORTER: SMARTNK  ELECTRIC VEHICLE),14,0.0
RASANDIK MOTORS PVT LTD,14,0.0
MOTOVOLT MOBILITY PVT LTD,14,0.0
MAN TRUCKS INDIA PVT. LTD.,14,0.0
YOUYAKU ELECTRIC (IMPORTER: TVISI ELECTRIC),13,0.0
WUXI SAIGE (IMPORTER: NGAGE IMPEX),13,0.0
UNIC,13,0.0
OM. INDUSTRIES,13,0.0
JIANGSU SUNHOU (IMPORTER: SABOO TOR),13,0.0
EXTRAMILE GAS TECH,13,0.0
RAFTAAR ELECTRIC GREEN VEHICLES PVT LTD,12,0.0
MACNEILL ENGG LTD,12,0.0
LOCAL TRAILER MANUFACTURER,12,0.0
KADESEETLA AASHIRWAD GP INDUSTRIES PVT LTD,12,0.0
GREEN WORLD MOTORS PVT LTD,12,0.0
ACTION CONSTRUCTION EQUIPMENT LTD.,12,0.0
VINAYAK INDUSTRIES,11,0.0
SANT ENGG WORKS,11,0.0
S.S.AGRO TECH,11,0.0
NEW HOLLAND CONSTRUCTION EQUIPMENT(I) PVT.LTD.,11,0.0
MAA DURGA ELECTRIC MOTOR VEHICLE PVT LTD,11,0.0
LIUGONG INDIA PVT. LTD,11,0.0
KRISHNA ENGINEERING,11,0.0
GURJEET AGRO INDUSTRIES,11,0.0
GEO ALLIANCE,11,0.0
DEVAM ELECTRIC VEH P L,11,0.0
CHANGZHOU YEFEND VEHICLE CO,11,0.0
ANTONY TRAILORS,11,0.0
ANCHI MOTORCYCLE (IMPORTER: EVNEXUS PVT. LTD.),11,0.0
YANGGUANG LINGMU (IMPORTER: DURGA FILTERS),10,0.0
SHRIRAM ASTRAL MOTOR CO,10,0.0
RACHANACREATIONS AUTO PVT LTD,10,0.0
PREET TRACTORS PVT. LTD.,10,0.0
HOMFEEL VEGH AUTOMOBILES PVT LTD,10,0.0
H. D. AUTOMOTIVES,10,0.0
GURDEEP ENGINEERING WORKS,10,0.0
GENERAL AGENCIES(KOLKATA) PVT LTD,10,0.0
EYUG AUTOMOBILE PVT LTD,10,0.0
EICHER TRACTORS,10,0.0
CHINA HAOCHEN (IMPORTER:SLSR ELECTRO),10,0.0
ADITYA ENTERPRISES,10,0.0
A.K.AUTO ELECTRICAL,10,0.0
WUXI TENGHUI (IMPORTER: RADHA MOBILITIES LLP),9,0.0
WUXI TENGHUI (IMPORTER: JAIDKA POWER),9,0.0
VEERA VAHANA UDYOG PRIVATE LIMITED,9,0.0
TRANSVAHAN TECHNOLOGIES INDIA PVT LTD,9,0.0
SUPROVA ENTERPRISE,9,0.0
S.P. ELECTRONICS,9,0.0
POWERLAND AGRO TRACTOR VEHICLES PVT LTD,9,0.0
PMI ELECTRO MOBILITY SOLUTIONS PRIVATE LIMITED,9,0.0
LOTIA  MOTORS  LTD,9,0.0
KRANTI AUTOMOBILES LIMITED,9,0.0
GREAVES INDIA PVT LTD,9,0.0
ESCORTS KUBOTA LIMITED (AGRI MACHINERY GROUP),9,0.0
ASTER AUTOMOTIVE PVT LTD,9,0.0
UMA AUTO INDUSTRIES PVT LTD,8,0.0
SHRI CHAMUNDI MOPEDS,8,0.0
MOTOROYALE KINETIC PRIVATE LIMITED,8,0.0
LAKSHMI AGRO INDUSTRIES,8,0.0
K. S. INDUSTRIES,8,0.0
JAISWAL INDUSTRIES,8,0.0
GARWARE MOTORS LIMITED,8,0.0
ASHLESHA POWER CONTROLS PVT LTD,8,0.0
ANOOP CYLINDERS PVT LTD,8,0.0
AGRAWAL RENEWABLE ENERGY PVT LTD,8,0.0
VITAN JAGADA AUTOMOBILE PVT LTD,7,0.0
UNICORN DIGITAL SYSTEMS PVT LTD,7,0.0
S J TRAILORS,7,0.0
KAINING (HONGKONG) (IMPORTER: TOXMO ELECTRIC),7,0.0
JIANGSU GUOWEI (IMPORTER:ELECTRO-TECH),7,0.0
GREEN WAY ECO RIDE,7,0.0
BAILI MOTOR (IMPORTER:A B MOTOSS EV PVT LTD),7,0.0
WELCOME E RICKSHAW,6,0.0
VOLKSWAGEN INDIA PVT LTD,6,0.0
VARIOUS INNOVATIVE SYSTEMS HYBRID NANO UTILITIES,6,0.0
SUNKU AUTO LTD,6,0.0
SUN MOTORS PVT LTD,6,0.0
REGENERATION E BIKES,6,0.0
RASANDIK ENGINEERING,6,0.0
MVM MOTORS PRIVATE LIMITED,6,0.0
JOHN DEERE INDIA  PVT LTD(TRACTOR DEVISION),6,0.0
J.S.AUTO PVT LTD (KANPUR),6,0.0
"HYUNDAI MOTORS LTD, SOUTH KOREA",6,0.0
HARSHVIE INDUSTRIES PVT LTD,6,0.0
GENERAL MOTORS INDIA PVT LTD,6,0.0
FRN MOTORS PVT LTD,6,0.0
ESCORTS CONSTRUCTION EQUIPMENT LTD,6,0.0
CHEVROLET SALES INDIA PVT LTD,6,0.0
AXCEED INDUSTRIES (OPC) PVT LTD,6,0.0
AL-ZAHOOR  CO,6,0.0
ZHONGXING (IMPORTER:GREENO AUTOMOBILE),5,0.0
YANGGUANG LINGMU (IMPORTER: ECOINDIA),5,0.0
VOLTAS LIMITED,5,0.0
VENUS AUTO INDUSTRIES,5,0.0
SHRI GANAPATHY ENGG. WORKS,5,0.0
PORWAL ELECTRIC,5,0.0
OCULUS AUTO INDUSTRIES LLP,5,0.0
M/S SRISHTI AUTOMOBILES,5,0.0
JSS ENGINEERING COMPANY,5,0.0
JAYNA AUTOMOBILES LLP,5,0.0
JAYATI TOOLS,5,0.0
H.M.S.I. PVT. LTD.,5,0.0
GRINDIA G MOTORS PVT LTD,5,0.0
GEMAG CONSTRUCTION MACHINARY,5,0.0
EDDY CURRENT CONTROLS (I) LTD,5,0.0
DUCATI MOTOR HOLDING S.P.A,5,0.0
D.K. MOTORS,5,0.0
CATERPILLAR INDIA PRIVATE LIMITED,5,0.0
ASIA BODY BUILDERS & MANUFACTURERS,5,0.0
API MOTORS PVT LTD,5,0.0
ANJALI ENTERPRISES,5,0.0
ANBU TRAILERS,5,0.0
VAUXHALL MOTORS LTD,4,0.0
V.T.ENGINEERING,4,0.0
TOYOTA MATERIAL HANDLING INDIA PVT LTD,4,0.0
SMITH MOTORS PVT LTD,4,0.0
SHRI VAIRAMUTHU TRAILERS,4,0.0
SHIV TRAILOR INDUSTRIES,4,0.0
SAME DEUTZ - FAHR INDIA (P) LTD.,4,0.0
ROLLS ROYCE MOTOR (IMPORTER: KUN MOTOR),4,0.0
REDDY AUTOMOTIVE PVT LTD,4,0.0
RAM JANKI ENG. WORK,4,0.0
NBC ENGINEERING PVT LTD,4,0.0
MICROAUTOTECH PVT. LTD.,4,0.0
LAUNCHER MATERIAL HANDLING INDUSTRIES,4,0.0
KUMAR MOTORS PVT LTD,4,0.0
KELVINATOR INDIA LTD,4,0.0
KARUMALAIAN AGRO INDUSTRY,4,0.0
HAYASA E-MOBILITY (INDIA) PVT LTD,4,0.0
H-D MOTOR COMPANY INDIA PVT LTD,4,0.0
GUANGXI MEIBAO(IMPORTER: DYNAMO ELECTRIC),4,0.0
GILL AGRICULTURE WORKS,4,0.0
EICHER MOTORS LTD,4,0.0
DASHMESH MECH WORKS PVT LTD,4,0.0
CENTURY MOTORS PVT LTD,4,0.0
YOUYAKU ELECTRIC (IMPORTER: SHEMA E-VEHICLE),3,0.0
VORC MOTORS PVT LTD,3,0.0
UNIVERSAL LTD,3,0.0
TAFE LIMITED,3,0.0
SURYA TRAILORS AND TANKERS,3,0.0
STANDARD CORPORATION INDIA LTD,3,0.0
SSV TECHNOLOGIES,3,0.0
SHRI SAKTHI VINAYAKA TRAILERS,3,0.0
SHRI CHINNAMMAN ENGG. WORKS,3,0.0
S E ASIA CO,3,0.0
RATHNA ENGINEERING COMPANY,3,0.0
PONMALAR TRAILERS,3,0.0
MOTOR & GENERAL SALES LTD.,3,0.0
MAHINDRA RENAULT PVT.LTD.,3,0.0
MAHINDRA NISSAN ALLWYN LTD.,3,0.0
MAHALINGA ENGG. INDUSTRIES,3,0.0
MACNEILL ENGINEERING LIMITED,3,0.0
M/S TRISHIKA INDUSTRIES,3,0.0
LMV LTD,3,0.0
KISAN AGRO INDUSTRIES,3,0.0
KAINING (HONGKONG) (IMPORTER: VOLTA EV PVT LTD),3,0.0
JEMCO ENGINEERING PVT LTD,3,0.0
HSU DRAGON (IMPORTER: DARK FIGHT POWER PVT LTD),3,0.0
FORD INDIA PVT LTD,3,0.0
EMOBI MANUFACTURY PRIVATE LIMITED,3,0.0
DSK MOTOWHEELS PVT LTD.,3,0.0
D S R AUTOMOTIVES (INDIA) PVT LTD,3,0.0
CHONGQING YU AN GROUP,3,0.0
CHATELEC VEHICLES INDIA LTD,3,0.0
A R T WELDING WORKS,3,0.0
A D AGRO WORKS,3,0.0
3GB TECHNOLOGY PVT LTD,3,0.0
YEZDI MOTORS LTD,2,0.0
SUN SHINE ENGINEERING WORKS,2,0.0
SUN AUTO,2,0.0
SMARTOMATIC VEHICLES PRIVATE LIMITED,2,0.0
SIDHI DURGA ENGINEERING,2,0.0
SHRI VENKATESHWARA TRAILOR,2,0.0
SHRI MODERN TRAILERS,2,0.0
SHRI KUMAR TRAILERS EQUIPMENTS,2,0.0
SHRI DEVIKA TRAILERS,2,0.0
SHRI ANGAMMAL ENGINEERING WORKS,2,0.0
SAKTHI VINAYAKA ENGINEERING WORKS,2,0.0
SAATHI TRADING CO,2,0.0
"S M TRACTOR TRALERS, SHAHAPUR",2,0.0
ROLLS-ROYCE MOTOR CARS(IMPORTER:SELECT CARS P LTD),2,0.0
REPUBLIC PVT.LTD.,2,0.0
PRIMA PVT LTD,2,0.0
PARAG AGRO,2,0.0
OKA MOTOR COMPANY LTD.,2,0.0
MSI INDUSTRIES,2,0.0
MAULIRAJ INDUSTRIES LLP,2,0.0
MAHINDRA & MAHINDRA LIMITED (SWARAJ DIVISION),2,0.0
MAC INTERNATIONAL (IMPORTER:HONESTY),2,0.0
M.G.P ENGINEERING WORKS,2,0.0
LIMA VEHICLE GROUP(IMPORTER: ROUTE & MARS EV LLP),2,0.0
KAYAMEL MACHINE PRIVATE LTD,2,0.0
KATYAYANI AUTOMOTIVE,2,0.0
JUNGHEINRICH AG AND CO,2,0.0
JIANGSU DALONG (IMPORTER: RILOX EV PVT LTD),2,0.0
J S AGRO INDUSTRIES,2,0.0
INTERNATIONAL CARS & MOTORS LTD,2,0.0
HITEK ELECTRIC AUTO CO.,2,0.0
HINDUSTAN MOTOR FINANCE CORPORATION LIMITED,2,0.0
GREAT AUTOMOTIVE LIMITED,2,0.0
GOLDENLION (IMPORTER:ELLYSIUM AUTOMOTIVES PVT LTD),2,0.0
FSTMOTO INTERNATIONAL (IMPORTER: TEDI (INDIA)),2,0.0
EXPO MACHINERY LTD,2,0.0
ELGI EQUIPMENTS LTD,2,0.0
ECOYAN ELECTRIC MOTORS VEHICLE PVT LTD,2,0.0
DURGA FILTERS PVT LTD,2,0.0
DILIP CHHABRIA DESIGN PVT LTD,2,0.0
DAIMLER INDIA COMMERCIAL VEHICLES PVT. LTD,2,0.0
DAIMLER AG,2,0.0
DAEWOO MOTORS INDIA LTD,2,0.0
CNH INDUSTRIAL (INDIA) PVT LTD,2,0.0
CASE EQUIPMENT PRIVATE LTD,2,0.0
BYD AUTO,2,0.0
BHARAT MANUFACTURING & ASSEMBLING E RIKSHA,2,0.0
ATLAS COPCO INDIA LTD,2,0.0
ASHOK LEYLAND LTD,2,0.0
ARASAN AND CO.,2,0.0
AMMAN ENGINEERING COMPANY,2,0.0
AHITESHAM AGRO ENGINEERING,2,0.0
A-1 SUREJA INDUSTRIES,2,0.0
WUXI NOOMA (IMPORTER: KKL HITECH EV),1,0.0
WIRTGEN INDIA PVT LTD,1,0.0
VISHWAS TRAILER WELD WORK,1,0.0
VINTAGE VEHICLES,1,0.0
VIJAYALAKSHIMI ENGG WORKS,1,0.0
VIBGYOR  VEHICLES LIMITED,1,0.0
UNITED AUTO TRACTORS LTD,1,0.0
TELSA INC,1,0.0
TAMILNADU MOPEDS LTD,1,0.0
SUNLECTRA AUTO,1,0.0
SUMEC CO LTD (IMPORTER: ROUTE & MARS EV LLP),1,0.0
SRI SAI MARKETING,1,0.0
SRI RAMA TRAILERS,1,0.0
SIVASAKTHI ENGINEERING WORKS,1,0.0
SIVA ENGINEERING WORKS,1,0.0
SINDHU MOTORS,1,0.0
SHRI RAM INDUSTRIES,1,0.0
SHRI LAXMI ENGINEERING WORKS,1,0.0
SHRI KANAGA TRAILERS TANKAR,1,0.0
SHRI JYOTHI ENG. WORKS.,1,0.0
SHRI GANESH TRAILER,1,0.0
SHRI BANASHANKARI ENG WORKS,1,0.0
SHRI ARUPADAYAN TRAILERS,1,0.0
SHAKTIMAN AGRO INDUSTRIES,1,0.0
SHAH AGRO ENGG WORKS,1,0.0
SGL INDUSTRIES,1,0.0
SARAVANA TRAILER,1,0.0
SAN MOTORS LIMITED,1,0.0
SAKTHI VIJAY INDUSTRIES,1,0.0
SAHKAR AGRO IND,1,0.0
SAGAS AUTOTIC PVT LTD,1,0.0
SAGAR AGRO INDUSTRIES,1,0.0
S.M. LTD.,1,0.0
RUDRA AUTO INDUSTRIES,1,0.0
ROLLS ROYCE,1,0.0
RAJKAMAL MOTORS LTD,1,0.0
RAJA ARTS HITECH ENGINEERING,1,0.0
RAAJ AUTOMOTIVE,1,0.0
R.N.A.I.P.LTD,1,0.0
PUSHKAR INDUSTRIES,1,0.0
PUNJAB TRACTORS LIMITED,1,0.0
PREMIER LTD,1,0.0
PRAJAPATI ENG. WORKS,1,0.0
PORSCHE AG,1,0.0
PILLING RIG,1,0.0
PAL DIESAL PVT LTD,1,0.0
NICOLAS INDUSTRIES,1,0.0
NGAGE IMPEX PVT LTD,1,0.0
NEW MARTHWADA QUALITY TRAILOR,1,0.0
NEELAM AGRO EQUIP,1,0.0
MUTHUR AGRO ENGINEERING WORKS,1,0.0
MITHU BAJRANG ENG.WORKS,1,0.0
MEGHA TRAILERS,1,0.0
MAXI CAB,1,0.0
MAHINDRA VEHICLE MANUFACTURER LIMITED,1,0.0
MAHINDRA GUJARAT TRACTOR LIMITED,1,0.0
MAHARASTRA SCOOTER LIMITED,1,0.0
M/S UNITY MOTOR BODY,1,0.0
"M/S SUBHAM ENGINEERING WORKSHOP, BALIAPAL, BALASORE",1,0.0
"M/S PATEL & SONS ENGINEERING WORKS,SAMBALPUR",1,0.0
L & T CASE EQUIPMENT PVT LTD,1,0.0
KUBOTA AGRICULTURAL MACHINERY INDIA PVT.LTD.,1,0.0
KRT MOTORS PVT LTD,1,0.0
KRISHI ENGINEERING WORKS,1,0.0
KHAN ENGINEERING WORKS,1,0.0
KETRON ELECTRIC VEHICLES PVT LTD,1,0.0
KARTAR AGRO INDUSTRIES PVT LTD,1,0.0
KARTAR AGRO ENGINEERS PVT LTD,1,0.0
K M MOTORS,1,0.0
JIANGSU DALONG JIANHAO (IMPORTER: GREEN INDIA),1,0.0
JEEVAA E-BIKE MFG PVT LTD,1,0.0
JEEVA TRAILERS,1,0.0
JAYANTI AGRO CENTRES,1,0.0
JAY AMBE AGRICULTURE,1,0.0
JANANI TRAILERS,1,0.0
JAI BHAVANI ENGINEERING  WORKS,1,0.0
JAI AMBE FABRICATION & ENGINEERING WORK,1,0.0
ISUZU MOTOR INDIA PVT LTD,1,0.0
INDO FARM EQUIPMENT LIMITED,1,0.0
IDEAL JAWA INDIA PVT LTD,1,0.0
HMT LIMITED,1,0.0
HIND AGRO INDUSTRIES,1,0.0
HETTRA HET TRAILER,1,0.0
HARJAS AGRO INDUSTRIES,1,0.0
HAMPI TRACTORS,1,0.0
GURUKRAPA ENGINEERING WORKS,1,0.0
GUJARAT TRACTOR CORP LTD,1,0.0
GREAVES COTTON LTD.,1,0.0
GOPAL AGROTECH,1,0.0
GOLD HOFER,1,0.0
GIRNAR SCOOTERS LTD,1,0.0
GILL AGROTECH,1,0.0
GANAPATI AGRO INDUSTRIES,1,0.0
GAIA INTERNATIONAL (IMPORTER: NEW ENERGY WAGON),1,0.0
FORCE MOTORS LIMITED,1,0.0
EVERVE MOTORS PVT LTD,1,0.0
ETHIRAJ AUTO UDYOG PVT LTD,1,0.0
ESSEL ENERGY INFRA PVT LTD,1,0.0
ESCORT JCB LTD,1,0.0
ELECTROTECH TRANSMISSION PVT LTD,1,0.0
EICHER POLARIS PVT. LTD.,1,0.0
EAGLE AUTO PEARL PVT,1,0.0
E-ASHWA AUTOMOTIVE (HS 2W) PVT LTD,1,0.0
DUCATI INDIA PVT LTD,1,0.0
DIVYA INDUSTRIES,1,0.0
DILIGENT MOBILITY SERVICE PVT LTD,1,0.0
"DIAMOND ENGG,CTC",1,0.0
DHARMAND TRAILERS,1,0.0
DELHI AUTOMOBILES LTD,1,0.0
DEEPTI SMART MOBILITY PVT LTD,1,0.0
DALIAN FORKLIFT CO.,1,0.0
CLENERGY INNOVATIONS PVT LTD,1,0.0
CLAAS INDIA P LTD,1,0.0
CHONGQING CHARMING (IMPORTER: AYAAN ELECTRONICS).,1,0.0
BSA MOTORS,1,0.0
BENTLEY MOTORS LIMITED,1,0.0
BENGAL MOTORS,1,0.0
"BASUDEB ENGINEERING, CUTTACK",1,0.0
BALAMURUGAN ENGINEERING WORKS,1,0.0
BAJAJ TEMPO LIMITED,1,0.0
BAFNA AUTO CARS I PVT.LTD.,1,0.0
AUTOCROLA INDIA LTD,1,0.0
ASAV AUTOMOTIVE PVT LTD,1,0.0
ARIHANT ENTERPRISE,1,0.0
ARBUDA TRAILER,1,0.0
ANCHI MOTORCYCLE (IMPORTER:HINDUSTAN EV MOTORS),1,0.0
AMW MOTORS LIMITED,1,0.0
AMAR COACH BUILDERS,1,0.0
AKSMD RECHARGEABLE VEHICLES PVT LTD,1,0.0
AKASH TRAILOR,1,0.0
AKASH AGRO INDUSTRIES,1,0.0
AJAY ENGINEERING AND AGRICULTURAL EQUIPMENT CO.,1,0.0
AGRO INDUSTRIES,1,0.0
AGRASEN ENGINEERING WORKS,1,0.0
ABIRAMI ENGINEERING WORKS,1,0.0
ABHAVIS TECHNOLOGY (I) PVT LTD,1,0.0
AASHI INDIA AUTOMOBILES PVT LTD,1,0.0
A. K. AUTTO ELECTRICAL,1,0.0
A B EXCAVATORS & EARTHMOVER LTD,1,0.0
